tamanho,seed,algoritmo,objetivos_concluidos,passos,custo_planejado,nos_expandidos,replanejamentos,batalhas,hp_perdido,pokebolas,pegou_surf,tempo_ms,motivo_parada
8,0,dfs,3,32,229.0,161,4,9,180,1,1,119.3032,quatro pokemon capturados
8,0,bfs,9,17,114.0,80,9,8,220,0,1,71.0597,quatro pokemon capturados
8,0,dijkstra,9,17,110.0,234,9,8,220,0,1,70.9693,quatro pokemon capturados
8,1,dfs,11,31,180.0,290,11,10,250,1,0,79.0154,quatro pokemon capturados
8,1,bfs,11,31,180.0,76,11,10,250,1,0,77.0102,quatro pokemon capturados
8,1,dijkstra,11,31,177.0,130,11,10,250,1,0,89.1123,quatro pokemon capturados
8,2,dfs,8,18,194.0,99,9,8,195,1,1,75.916,quatro pokemon capturados
8,2,bfs,9,15,115.0,41,9,8,195,1,1,67.0787,quatro pokemon capturados
8,2,dijkstra,10,17,114.0,109,10,8,195,1,1,57.5305,quatro pokemon capturados
8,3,dfs,5,29,139.0,114,5,6,195,4,0,47.682,quatro pokemon capturados
8,3,bfs,13,40,179.0,155,13,8,210,5,1,82.4341,quatro pokemon capturados
8,3,dijkstra,11,28,122.0,154,11,6,170,4,1,74.4027,quatro pokemon capturados
8,4,dfs,7,29,125.0,124,7,5,160,3,0,52.2934,quatro pokemon capturados
8,4,bfs,7,29,125.0,62,7,5,160,3,0,48.1665,quatro pokemon capturados
8,4,dijkstra,7,29,125.0,94,7,5,160,3,0,52.8543,quatro pokemon capturados
8,5,dfs,0,0,0.0,0,1,0,0,0,0,0.0614,sem objetivos alcançaveis
8,5,bfs,0,0,0.0,0,1,0,0,0,0,0.0399,sem objetivos alcançaveis
8,5,dijkstra,0,0,0.0,0,1,0,0,0,0,0.0338,sem objetivos alcançaveis
8,6,dfs,7,24,227.0,185,8,8,180,1,1,70.9364,quatro pokemon capturados
8,6,bfs,10,17,124.0,52,10,8,200,1,1,84.2459,quatro pokemon capturados
8,6,dijkstra,10,17,124.0,97,10,8,200,1,1,70.0088,quatro pokemon capturados
8,7,dfs,0,0,0.0,0,1,0,0,0,0,0.0725,sem objetivos alcançaveis
8,7,bfs,0,0,0.0,0,1,0,0,0,0,0.0387,sem objetivos alcançaveis
8,7,dijkstra,0,0,0.0,0,1,0,0,0,0,0.0342,sem objetivos alcançaveis
8,8,dfs,0,0,0.0,0,1,0,0,0,0,0.0319,sem objetivos alcançaveis
8,8,bfs,0,0,0.0,0,1,0,0,0,0,0.0305,sem objetivos alcançaveis
8,8,dijkstra,0,0,0.0,0,1,0,0,0,0,0.0354,sem objetivos alcançaveis
8,9,dfs,0,0,0.0,0,1,0,0,0,0,0.0307,sem objetivos alcançaveis
8,9,bfs,0,0,0.0,0,1,0,0,0,0,0.0299,sem objetivos alcançaveis
8,9,dijkstra,0,0,0.0,0,1,0,0,0,0,0.0295,sem objetivos alcançaveis
8,10,dfs,4,8,67.0,34,5,4,70,0,0,33.9911,sem objetivos alcançaveis
8,10,bfs,4,8,67.0,18,5,4,70,0,0,29.5195,sem objetivos alcançaveis
8,10,dijkstra,4,8,67.0,42,5,4,70,0,0,31.4473,sem objetivos alcançaveis
8,11,dfs,3,31,122.0,104,3,5,135,4,1,31.2162,quatro pokemon capturados
8,11,bfs,5,10,50.0,45,5,3,95,1,1,23.4092,quatro pokemon capturados
8,11,dijkstra,5,10,44.0,108,5,3,95,1,1,26.2774,quatro pokemon capturados
8,12,dfs,9,45,197.0,270,9,9,200,5,1,85.0623,quatro pokemon capturados
8,12,bfs,11,34,147.0,106,11,7,205,3,1,64.5123,quatro pokemon capturados
8,12,dijkstra,11,34,145.0,179,11,7,205,3,1,65.7433,quatro pokemon capturados
8,13,dfs,8,36,155.0,310,8,8,155,2,1,62.8001,quatro pokemon capturados
8,13,bfs,11,23,129.0,89,11,8,220,2,1,76.2136,quatro pokemon capturados
8,13,dijkstra,11,25,125.0,260,11,8,220,2,1,79.9355,quatro pokemon capturados
8,14,dfs,8,37,163.0,290,8,7,175,0,1,62.473,quatro pokemon capturados
8,14,bfs,8,23,125.0,71,8,7,175,0,1,57.0546,quatro pokemon capturados
8,14,dijkstra,8,23,125.0,157,8,7,175,0,1,59.8215,quatro pokemon capturados
8,15,dfs,6,59,255.0,76,6,7,215,3,1,56.8846,quatro pokemon capturados
8,15,bfs,12,28,162.0,111,12,8,255,3,1,76.7552,quatro pokemon capturados
8,15,dijkstra,12,28,159.0,292,12,8,255,3,1,83.0877,quatro pokemon capturados
8,16,dfs,3,15,183.0,81,4,8,195,0,0,50.4139,quatro pokemon capturados
8,16,bfs,8,20,132.0,65,8,8,195,1,0,57.2606,quatro pokemon capturados
8,16,dijkstra,8,20,132.0,74,8,8,195,1,0,62.0933,quatro pokemon capturados
8,17,dfs,5,24,153.0,84,6,4,135,2,0,31.6826,quatro pokemon capturados
8,17,bfs,5,22,95.0,62,6,4,135,2,0,28.9554,quatro pokemon capturados
8,17,dijkstra,6,26,75.0,79,6,4,135,2,0,30.4466,quatro pokemon capturados
8,18,dfs,5,21,162.0,31,6,7,215,1,1,49.6481,quatro pokemon capturados
8,18,bfs,9,19,118.0,59,9,7,240,3,0,60.2728,quatro pokemon capturados
8,18,dijkstra,9,19,118.0,102,9,7,240,3,0,51.182,quatro pokemon capturados
8,19,dfs,8,35,187.0,208,8,10,260,3,0,61.5974,quatro pokemon capturados
8,19,bfs,13,35,176.0,105,13,10,260,3,0,70.5116,quatro pokemon capturados
8,19,dijkstra,13,35,174.0,171,13,10,260,3,0,72.8311,quatro pokemon capturados
8,20,dfs,3,4,32.0,7,3,2,100,1,0,16.3144,sem pokemon
8,20,bfs,3,4,32.0,8,3,2,100,1,0,17.2571,sem pokemon
8,20,dijkstra,3,4,32.0,21,3,2,100,1,0,19.0314,sem pokemon
8,21,dfs,6,9,250.0,148,7,6,195,1,1,38.1922,quatro pokemon capturados
8,21,bfs,7,11,93.0,67,7,6,195,1,1,39.634,quatro pokemon capturados
8,21,dijkstra,8,12,83.0,84,8,6,195,1,1,40.8385,quatro pokemon capturados
8,22,dfs,5,32,240.0,108,6,9,220,1,1,60.4058,quatro pokemon capturados
8,22,bfs,12,30,158.0,116,12,9,220,2,1,77.0996,quatro pokemon capturados
8,22,dijkstra,12,32,152.0,181,12,9,220,2,1,78.5218,quatro pokemon capturados
8,23,dfs,1,7,27.0,10,2,1,65,0,0,7.4757,sem objetivos alcançaveis
8,23,bfs,1,7,27.0,10,2,1,65,0,0,6.3674,sem objetivos alcançaveis
8,23,dijkstra,1,7,27.0,10,2,1,65,0,0,6.9274,sem objetivos alcançaveis
8,24,dfs,7,18,165.0,184,8,7,230,2,1,56.1579,quatro pokemon capturados
8,24,bfs,10,14,102.0,52,10,7,235,2,1,66.9653,quatro pokemon capturados
8,24,dijkstra,10,14,102.0,149,10,7,235,2,1,65.9306,quatro pokemon capturados
8,25,dfs,2,28,226.0,64,3,7,180,4,1,47.5795,quatro pokemon capturados
8,25,bfs,9,27,131.0,91,9,8,215,4,0,60.4766,quatro pokemon capturados
8,25,dijkstra,11,32,149.0,193,11,8,215,3,0,62.907,quatro pokemon capturados
8,26,dfs,5,19,109.0,149,5,7,205,0,0,47.6378,quatro pokemon capturados
8,26,bfs,6,16,106.0,59,6,7,225,0,0,49.9459,quatro pokemon capturados
8,26,dijkstra,7,17,105.0,135,7,7,225,0,0,59.2379,quatro pokemon capturados
8,27,dfs,1,3,15.0,4,2,1,35,0,0,5.4347,sem objetivos alcançaveis
8,27,bfs,1,3,15.0,4,2,1,35,0,0,5.5112,sem objetivos alcançaveis
8,27,dijkstra,1,3,15.0,4,2,1,35,0,0,5.5164,sem objetivos alcançaveis
8,28,dfs,1,26,161.0,73,2,5,195,1,1,42.2695,quatro pokemon capturados
8,28,bfs,5,10,73.0,44,5,5,195,0,1,57.3211,quatro pokemon capturados
8,28,dijkstra,7,11,84.0,152,7,6,195,0,1,55.4205,quatro pokemon capturados
8,29,dfs,1,1,1.0,2,2,0,0,1,0,0.3594,sem objetivos alcançaveis
8,29,bfs,1,1,1.0,2,2,0,0,1,0,0.3689,sem objetivos alcançaveis
8,29,dijkstra,1,1,1.0,2,2,0,0,1,0,0.3507,sem objetivos alcançaveis
15,0,dfs,0,0,0.0,0,1,0,0,0,0,0.0814,sem objetivos alcançaveis
15,0,bfs,0,0,0.0,0,1,0,0,0,0,0.128,sem objetivos alcançaveis
15,0,dijkstra,0,0,0.0,0,1,0,0,0,0,0.1096,sem objetivos alcançaveis
15,1,dfs,0,0,0.0,0,1,0,0,0,0,0.1286,sem objetivos alcançaveis
15,1,bfs,0,0,0.0,0,1,0,0,0,0,0.0855,sem objetivos alcançaveis
15,1,dijkstra,0,0,0.0,0,1,0,0,0,0,0.0866,sem objetivos alcançaveis
15,2,dfs,4,19,388.0,87,5,7,200,1,1,76.3708,quatro pokemon capturados
15,2,bfs,5,14,100.0,40,6,5,175,1,1,68.7868,quatro pokemon capturados
15,2,dijkstra,8,16,87.0,86,8,5,175,2,1,84.1957,quatro pokemon capturados
15,3,dfs,9,20,347.0,484,10,8,185,2,0,120.0135,quatro pokemon capturados
15,3,bfs,10,24,117.0,69,10,8,175,2,0,109.6072,quatro pokemon capturados
15,3,dijkstra,10,24,117.0,105,10,8,175,2,0,110.5803,quatro pokemon capturados
15,4,dfs,1,5,17.0,112,1,1,100,0,0,11.3039,sem pokemon
15,4,bfs,1,5,17.0,12,1,1,100,0,0,9.4189,sem pokemon
15,4,dijkstra,1,5,17.0,19,1,1,100,0,0,12.0693,sem pokemon
15,5,dfs,0,0,0.0,0,1,0,0,0,0,0.0844,sem objetivos alcançaveis
15,5,bfs,0,0,0.0,0,1,0,0,0,0,0.0492,sem objetivos alcançaveis
15,5,dijkstra,0,0,0.0,0,1,0,0,0,0,0.0397,sem objetivos alcançaveis
15,6,dfs,0,0,0.0,0,1,0,0,0,0,0.0333,sem objetivos alcançaveis
15,6,bfs,0,0,0.0,0,1,0,0,0,0,0.0354,sem objetivos alcançaveis
15,6,dijkstra,0,0,0.0,0,1,0,0,0,0,0.0435,sem objetivos alcançaveis
15,7,dfs,2,17,291.0,156,3,5,150,1,0,45.9513,quatro pokemon capturados
15,7,bfs,9,23,132.0,84,9,8,215,1,1,117.5076,quatro pokemon capturados
15,7,dijkstra,10,25,121.0,228,10,7,135,2,1,137.5089,quatro pokemon capturados
15,8,dfs,0,0,0.0,0,1,0,0,0,0,0.0733,sem objetivos alcançaveis
15,8,bfs,0,0,0.0,0,1,0,0,0,0,0.2392,sem objetivos alcançaveis
15,8,dijkstra,0,0,0.0,0,1,0,0,0,0,0.0668,sem objetivos alcançaveis
15,9,dfs,0,0,0.0,0,1,0,0,0,0,0.0488,sem objetivos alcançaveis
15,9,bfs,0,0,0.0,0,1,0,0,0,0,0.0457,sem objetivos alcançaveis
15,9,dijkstra,0,0,0.0,0,1,0,0,0,0,0.1141,sem objetivos alcançaveis
15,10,dfs,1,21,152.0,76,2,8,190,2,0,58.5435,quatro pokemon capturados
15,10,bfs,12,30,157.0,97,12,9,230,3,0,92.9725,quatro pokemon capturados
15,10,dijkstra,12,30,157.0,120,12,9,230,3,0,89.7493,quatro pokemon capturados
15,11,dfs,0,0,0.0,0,1,0,0,0,0,0.0786,sem objetivos alcançaveis
15,11,bfs,0,0,0.0,0,1,0,0,0,0,0.3253,sem objetivos alcançaveis
15,11,dijkstra,0,0,0.0,0,1,0,0,0,0,0.055,sem objetivos alcançaveis
15,12,dfs,4,26,639.0,565,5,6,145,4,1,70.4503,quatro pokemon capturados
15,12,bfs,10,19,104.0,116,10,6,145,4,1,107.6926,quatro pokemon capturados
15,12,dijkstra,11,20,95.0,163,11,6,145,4,1,125.8297,quatro pokemon capturados
15,13,dfs,8,42,630.0,864,9,7,200,1,1,128.1024,quatro pokemon capturados
15,13,bfs,8,32,163.0,100,9,7,200,1,1,120.3677,quatro pokemon capturados
15,13,dijkstra,9,35,138.0,167,9,7,220,1,1,115.1295,quatro pokemon capturados
15,14,dfs,0,0,0.0,0,1,0,0,0,0,0.0912,sem objetivos alcançaveis
15,14,bfs,0,0,0.0,0,1,0,0,0,0,0.0764,sem objetivos alcançaveis
15,14,dijkstra,0,0,0.0,0,1,0,0,0,0,0.0913,sem objetivos alcançaveis
15,15,dfs,0,0,0.0,0,1,0,0,0,0,0.116,sem objetivos alcançaveis
15,15,bfs,0,0,0.0,0,1,0,0,0,0,0.1104,sem objetivos alcançaveis
15,15,dijkstra,0,0,0.0,0,1,0,0,0,0,0.104,sem objetivos alcançaveis
15,16,dfs,0,0,0.0,0,1,0,0,0,0,0.086,sem objetivos alcançaveis
15,16,bfs,0,0,0.0,0,1,0,0,0,0,0.2917,sem objetivos alcançaveis
15,16,dijkstra,0,0,0.0,0,1,0,0,0,0,0.1157,sem objetivos alcançaveis
15,17,dfs,0,0,0.0,0,1,0,0,0,0,0.1055,sem objetivos alcançaveis
15,17,bfs,0,0,0.0,0,1,0,0,0,0,0.0936,sem objetivos alcançaveis
15,17,dijkstra,0,0,0.0,0,1,0,0,0,0,0.0902,sem objetivos alcançaveis
15,18,dfs,0,0,0.0,0,1,0,0,0,0,0.0757,sem objetivos alcançaveis
15,18,bfs,0,0,0.0,0,1,0,0,0,0,0.0718,sem objetivos alcançaveis
15,18,dijkstra,0,0,0.0,0,1,0,0,0,0,0.0739,sem objetivos alcançaveis
15,19,dfs,2,5,19.0,113,2,1,100,1,0,22.556,sem pokemon
15,19,bfs,2,5,19.0,13,2,1,100,1,0,18.7181,sem pokemon
15,19,dijkstra,2,5,19.0,13,2,1,100,1,0,12.8497,sem pokemon
15,20,dfs,3,39,207.0,114,4,7,170,6,1,75.9461,quatro pokemon capturados
15,20,bfs,11,23,143.0,79,11,7,170,4,0,107.6862,quatro pokemon capturados
15,20,dijkstra,11,23,143.0,119,11,7,170,4,0,114.0887,quatro pokemon capturados
15,21,dfs,0,0,0.0,0,1,0,0,0,0,0.1009,sem objetivos alcançaveis
15,21,bfs,0,0,0.0,0,1,0,0,0,0,0.1203,sem objetivos alcançaveis
15,21,dijkstra,0,0,0.0,0,1,0,0,0,0,0.0802,sem objetivos alcançaveis
15,22,dfs,1,1,9.0,138,1,1,100,0,0,11.2555,sem pokemon
15,22,bfs,1,1,9.0,3,1,1,100,0,0,10.0961,sem pokemon
15,22,dijkstra,1,1,9.0,7,1,1,100,0,0,10.7285,sem pokemon
15,23,dfs,0,0,0.0,0,1,0,0,0,0,0.076,sem objetivos alcançaveis
15,23,bfs,0,0,0.0,0,1,0,0,0,0,0.0493,sem objetivos alcançaveis
15,23,dijkstra,0,0,0.0,0,1,0,0,0,0,0.0477,sem objetivos alcançaveis
15,24,dfs,1,21,341.0,243,2,8,205,1,1,57.5567,quatro pokemon capturados
15,24,bfs,8,18,116.0,86,8,7,190,0,1,106.9082,quatro pokemon capturados
15,24,dijkstra,8,18,116.0,166,8,7,190,0,1,100.7634,quatro pokemon capturados
15,25,dfs,0,0,0.0,0,1,0,0,0,0,0.1506,sem objetivos alcançaveis
15,25,bfs,0,0,0.0,0,1,0,0,0,0,0.1422,sem objetivos alcançaveis
15,25,dijkstra,0,0,0.0,0,1,0,0,0,0,0.1292,sem objetivos alcançaveis
15,26,dfs,1,25,307.0,105,2,8,235,1,0,69.0525,quatro pokemon capturados
15,26,bfs,13,28,149.0,119,14,8,255,5,1,147.864,quatro pokemon capturados
15,26,dijkstra,14,30,132.0,238,14,8,255,5,1,163.1225,quatro pokemon capturados
15,27,dfs,0,0,0.0,0,1,0,0,0,0,0.1125,sem objetivos alcançaveis
15,27,bfs,0,0,0.0,0,1,0,0,0,0,0.1176,sem objetivos alcançaveis
15,27,dijkstra,0,0,0.0,0,1,0,0,0,0,0.1085,sem objetivos alcançaveis
15,28,dfs,1,52,484.0,251,2,9,240,1,1,83.9954,quatro pokemon capturados
15,28,bfs,17,36,173.0,188,17,8,230,8,1,204.184,quatro pokemon capturados
15,28,dijkstra,17,36,163.0,418,17,8,230,8,1,202.0328,quatro pokemon capturados
15,29,dfs,2,2,10.0,4,3,1,70,1,0,7.1332,sem objetivos alcançaveis
15,29,bfs,2,2,10.0,4,3,1,70,1,0,5.3213,sem objetivos alcançaveis
15,29,dijkstra,2,2,10.0,5,3,1,70,1,0,4.938,sem objetivos alcançaveis
30,0,dfs,0,0,0.0,0,1,0,0,0,0,0.0637,sem objetivos alcançaveis
30,0,bfs,0,0,0.0,0,1,0,0,0,0,0.0608,sem objetivos alcançaveis
30,0,dijkstra,0,0,0.0,0,1,0,0,0,0,0.0843,sem objetivos alcançaveis
30,1,dfs,3,18,205.0,128,4,8,240,0,0,54.1066,quatro pokemon capturados
30,1,bfs,8,20,125.0,54,8,8,240,1,0,76.6559,quatro pokemon capturados
30,1,dijkstra,12,38,194.0,210,12,10,220,2,0,115.27,quatro pokemon capturados
30,2,dfs,0,0,0.0,0,1,0,0,0,0,0.075,sem objetivos alcançaveis
30,2,bfs,0,0,0.0,0,1,0,0,0,0,0.0496,sem objetivos alcançaveis
30,2,dijkstra,0,0,0.0,0,1,0,0,0,0,0.0915,sem objetivos alcançaveis
30,3,dfs,5,22,145.0,2786,6,6,170,1,0,168.7155,quatro pokemon capturados
30,3,bfs,7,11,79.0,43,7,6,180,1,0,195.716,quatro pokemon capturados
30,3,dijkstra,7,13,77.0,101,7,6,180,1,0,187.6408,quatro pokemon capturados
30,4,dfs,9,54,1185.0,3397,10,8,270,4,0,302.7824,quatro pokemon capturados
30,4,bfs,11,51,231.0,140,11,8,240,4,0,315.7154,quatro pokemon capturados
30,4,dijkstra,12,63,255.0,252,12,8,240,4,0,344.0605,quatro pokemon capturados
30,5,dfs,0,0,0.0,0,1,0,0,0,0,0.0715,sem objetivos alcançaveis
30,5,bfs,0,0,0.0,0,1,0,0,0,0,0.0616,sem objetivos alcançaveis
30,5,dijkstra,0,0,0.0,0,1,0,0,0,0,0.0526,sem objetivos alcançaveis
30,6,dfs,1,20,1079.0,998,2,5,145,1,0,74.4697,quatro pokemon capturados
30,6,bfs,4,14,76.0,52,4,4,150,0,0,115.3383,quatro pokemon capturados
30,6,dijkstra,4,14,72.0,89,4,4,150,0,0,115.953,quatro pokemon capturados
30,7,dfs,0,0,0.0,0,1,0,0,0,0,0.3449,sem objetivos alcançaveis
30,7,bfs,0,0,0.0,0,1,0,0,0,0,0.0949,sem objetivos alcançaveis
30,7,dijkstra,0,0,0.0,0,1,0,0,0,0,0.1322,sem objetivos alcançaveis
30,8,dfs,0,0,0.0,0,1,0,0,0,0,0.0745,sem objetivos alcançaveis
30,8,bfs,0,0,0.0,0,1,0,0,0,0,0.0727,sem objetivos alcançaveis
30,8,dijkstra,0,0,0.0,0,1,0,0,0,0,0.0771,sem objetivos alcançaveis
30,9,dfs,2,18,158.0,1138,3,4,150,1,0,101.5032,quatro pokemon capturados
30,9,bfs,8,26,121.0,82,8,6,165,1,1,377.2549,quatro pokemon capturados
30,9,dijkstra,8,28,116.0,211,8,6,165,1,1,315.5946,quatro pokemon capturados
30,10,dfs,1,33,726.0,464,2,8,205,1,0,98.31,quatro pokemon capturados
30,10,bfs,11,32,138.0,159,11,6,195,5,1,360.6558,quatro pokemon capturados
30,10,dijkstra,11,32,138.0,213,11,6,195,5,1,400.0291,quatro pokemon capturados
30,11,dfs,4,54,1788.0,1471,5,7,215,3,1,182.5906,quatro pokemon capturados
30,11,bfs,12,41,170.0,185,12,8,230,3,1,488.4717,quatro pokemon capturados
30,11,dijkstra,12,43,160.0,292,12,8,230,3,1,489.7085,quatro pokemon capturados
30,12,dfs,2,3,11.0,885,2,1,100,0,1,77.2666,sem pokemon
30,12,bfs,2,3,11.0,9,2,1,100,0,1,88.8592,sem pokemon
30,12,dijkstra,2,3,11.0,12,2,1,100,0,1,68.799,sem pokemon
30,13,dfs,4,28,1658.0,424,5,5,150,2,1,81.4892,quatro pokemon capturados
30,13,bfs,6,14,82.0,63,6,5,150,1,1,117.7185,quatro pokemon capturados
30,13,dijkstra,6,14,78.0,119,6,5,150,1,1,121.7136,quatro pokemon capturados
30,14,dfs,2,11,41.0,16,3,2,75,0,0,14.7474,sem objetivos alcançaveis
30,14,bfs,2,7,33.0,23,3,2,75,0,0,11.7692,sem objetivos alcançaveis
30,14,dijkstra,2,7,31.0,28,3,2,75,0,0,11.7823,sem objetivos alcançaveis
30,15,dfs,0,0,0.0,0,1,0,0,0,0,0.0935,sem objetivos alcançaveis
30,15,bfs,0,0,0.0,0,1,0,0,0,0,0.1161,sem objetivos alcançaveis
30,15,dijkstra,0,0,0.0,0,1,0,0,0,0,0.0914,sem objetivos alcançaveis
30,16,dfs,2,31,821.0,433,3,8,230,4,0,140.8312,quatro pokemon capturados
30,16,bfs,12,24,136.0,74,12,8,225,4,0,374.0038,quatro pokemon capturados
30,16,dijkstra,12,24,132.0,166,12,8,225,4,0,329.6144,quatro pokemon capturados
30,17,dfs,0,0,0.0,0,1,0,0,0,0,0.0968,sem objetivos alcançaveis
30,17,bfs,0,0,0.0,0,1,0,0,0,0,0.0821,sem objetivos alcançaveis
30,17,dijkstra,0,0,0.0,0,1,0,0,0,0,0.0559,sem objetivos alcançaveis
30,18,dfs,3,21,642.0,540,4,7,195,2,0,119.2,quatro pokemon capturados
30,18,bfs,7,20,132.0,53,7,7,205,1,0,143.6085,quatro pokemon capturados
30,18,dijkstra,12,23,137.0,169,12,8,230,3,1,302.3589,quatro pokemon capturados
30,19,dfs,4,4,22.0,2093,4,2,100,2,0,104.1025,sem pokemon
30,19,bfs,4,4,22.0,14,4,2,100,2,0,93.5156,sem pokemon
30,19,dijkstra,4,4,22.0,33,4,2,100,2,0,94.1036,sem pokemon
30,20,dfs,3,25,649.0,350,4,7,215,2,1,135.9646,quatro pokemon capturados
30,20,bfs,8,19,109.0,63,8,7,215,1,0,208.6005,quatro pokemon capturados
30,20,dijkstra,8,19,109.0,117,8,7,215,1,0,265.661,quatro pokemon capturados
30,21,dfs,0,0,0.0,0,1,0,0,0,0,0.0794,sem objetivos alcançaveis
30,21,bfs,0,0,0.0,0,1,0,0,0,0,0.1101,sem objetivos alcançaveis
30,21,dijkstra,0,0,0.0,0,1,0,0,0,0,0.1069,sem objetivos alcançaveis
30,22,dfs,2,2,12.0,4,2,1,100,0,1,59.6162,sem pokemon
30,22,bfs,2,2,12.0,4,2,1,100,0,1,58.9121,sem pokemon
30,22,dijkstra,2,2,12.0,15,2,1,100,0,1,48.4594,sem pokemon
30,23,dfs,0,0,0.0,0,1,0,0,0,0,0.0763,sem objetivos alcançaveis
30,23,bfs,0,0,0.0,0,1,0,0,0,0,0.0682,sem objetivos alcançaveis
30,23,dijkstra,0,0,0.0,0,1,0,0,0,0,0.0656,sem objetivos alcançaveis
30,24,dfs,5,8,49.0,127,5,4,145,0,1,186.1664,quatro pokemon capturados
30,24,bfs,5,8,49.0,22,5,4,145,0,1,202.2891,quatro pokemon capturados
30,24,dijkstra,5,8,49.0,75,5,4,145,0,1,191.1001,quatro pokemon capturados
30,25,dfs,0,0,0.0,0,1,0,0,0,0,0.1033,sem objetivos alcançaveis
30,25,bfs,0,0,0.0,0,1,0,0,0,0,0.119,sem objetivos alcançaveis
30,25,dijkstra,0,0,0.0,0,1,0,0,0,0,0.109,sem objetivos alcançaveis
30,26,dfs,3,27,878.0,321,4,8,210,1,1,159.8186,quatro pokemon capturados
30,26,bfs,10,28,173.0,95,10,10,245,2,0,304.7439,quatro pokemon capturados
30,26,dijkstra,11,28,161.0,141,11,9,220,2,0,330.1741,quatro pokemon capturados
30,27,dfs,0,0,0.0,0,1,0,0,0,0,0.0639,sem objetivos alcançaveis
30,27,bfs,0,0,0.0,0,1,0,0,0,0,0.162,sem objetivos alcançaveis
30,27,dijkstra,0,0,0.0,0,1,0,0,0,0,0.0718,sem objetivos alcançaveis
30,28,dfs,1,16,2021.0,978,2,1,100,0,1,81.7691,sem pokemon
30,28,bfs,4,7,21.0,27,4,1,100,2,1,146.7469,sem pokemon
30,28,dijkstra,4,7,21.0,58,4,1,100,2,1,150.8115,sem pokemon
30,29,dfs,1,1,1.0,2,2,0,0,1,0,0.1945,sem objetivos alcançaveis
30,29,bfs,1,1,1.0,2,2,0,0,1,0,0.1971,sem objetivos alcançaveis
30,29,dijkstra,1,1,1.0,2,2,0,0,1,0,0.328,sem objetivos alcançaveis
