tamanho,algoritmo,execucoes,objetivos_medio,passos_medio,custo_planejado_medio,nos_expandidos_medio,batalhas_medio,hp_perdido_medio,tempo_ms_medio,partidas_sem_objetivo
8,dfs,30,4.4,20.7,132.133,107.0,5.333,144.667,43.098,4
8,bfs,30,6.667,16.467,92.533,55.0,5.3,152.333,45.185,4
8,dijkstra,30,6.867,16.667,89.533,107.1,5.267,151.0,45.752,4
15,dfs,30,1.333,9.833,128.033,110.4,2.567,76.333,27.989,16
15,bfs,30,3.633,8.667,46.967,33.667,2.567,78.5,40.97,16
15,dijkstra,30,3.867,9.0,44.133,61.8,2.533,76.5,42.831,16
30,dfs,30,1.9,13.2,403.033,551.833,3.067,100.5,71.493,11
30,bfs,30,4.133,11.067,57.367,38.8,3.133,102.0,122.726,11
30,dijkstra,30,4.5,12.367,59.2,76.767,3.2,101.333,129.47,11
