tamanho,estado,algoritmo,execucoes,custo_medio,passos_medio,nos_expandidos_medio,tempo_ms_medio
8,hp100,dfs,78,43.256,9.487,17.628,0.129
8,hp100,bfs,78,28.026,6.538,15.115,0.094
8,hp100,dijkstra,78,25.051,6.667,14.91,0.105
8,hp40,dfs,78,53.026,9.487,17.628,0.129
8,hp40,bfs,78,33.872,6.538,15.115,0.097
8,hp40,dijkstra,78,30.821,6.564,14.756,0.105
8,hp100_surf,dfs,78,85.077,17.615,33.692,0.224
8,hp100_surf,bfs,78,25.449,5.667,24.064,0.117
8,hp100_surf,dijkstra,78,17.872,6.051,21.897,0.162
15,hp100,dfs,51,83.784,19.824,49.843,0.287
15,hp100,bfs,51,52.059,12.843,52.745,0.239
15,hp100,dijkstra,51,47.157,13.431,51.863,0.341
15,hp40,dfs,51,103.196,19.824,49.843,0.296
15,hp40,bfs,51,64.451,12.843,52.745,0.242
15,hp40,dijkstra,51,59.078,13.353,53.039,0.354
15,hp100_surf,dfs,51,233.078,45.353,99.451,0.617
15,hp100_surf,bfs,51,45.706,10.216,79.176,0.284
15,hp100_surf,dijkstra,51,28.745,10.686,78.02,0.572
30,hp100,dfs,59,298.034,67.627,199.627,1.173
30,hp100,bfs,59,114.61,25.831,183.119,0.734
30,hp100,dijkstra,59,91.661,28.271,177.61,1.254
30,hp40,dfs,59,365.051,67.627,199.627,1.219
30,hp40,bfs,59,140.136,25.831,183.119,0.769
30,hp40,dijkstra,59,116.339,27.932,179.169,1.291
30,hp100_surf,dfs,59,1103.475,216.169,489.508,3.79
30,hp100_surf,bfs,59,95.237,19.729,270.983,0.928
30,hp100_surf,dijkstra,59,51.407,21.763,273.203,2.164
