tamanho,seed,estado,hp_lider,surf,destino,algoritmo,encontrou,custo,passos,nos_expandidos,tempo_ms
8,0,hp100,100,0,4-2,dfs,1,32,8,42,0.1667
8,0,hp100,100,0,4-2,bfs,1,20,6,13,0.0672
8,0,hp100,100,0,4-2,dijkstra,1,8,6,8,0.0536
8,0,hp40,40,0,4-2,dfs,1,32,8,42,0.1638
8,0,hp40,40,0,4-2,bfs,1,22,6,13,0.0678
8,0,hp40,40,0,4-2,dijkstra,1,10,6,8,0.0527
8,0,hp100_surf,100,1,4-2,dfs,1,125,26,45,0.3362
8,0,hp100_surf,100,1,4-2,bfs,1,23,6,26,0.126
8,0,hp100_surf,100,1,4-2,dijkstra,1,8,6,10,0.0954
8,0,hp100,100,0,2-3,dfs,1,29,5,7,0.0888
8,0,hp100,100,0,2-3,bfs,1,29,5,9,0.0757
8,0,hp100,100,0,2-3,dijkstra,1,17,5,23,0.2623
8,0,hp40,40,0,2-3,dfs,1,29,5,7,0.0739
8,0,hp40,40,0,2-3,bfs,1,29,5,9,0.0813
8,0,hp40,40,0,2-3,dijkstra,1,17,5,18,0.1814
8,0,hp100_surf,100,1,2-3,dfs,1,122,23,24,0.3154
8,0,hp100_surf,100,1,2-3,bfs,1,38,5,18,0.1117
8,0,hp100_surf,100,1,2-3,dijkstra,1,17,5,29,0.2992
8,0,hp100,100,0,7-0,dfs,1,105,23,38,0.4116
8,0,hp100,100,0,7-0,bfs,1,29,11,40,0.2852
8,0,hp100,100,0,7-0,dijkstra,1,17,11,25,0.2529
8,0,hp40,40,0,7-0,dfs,1,119,23,38,0.414
8,0,hp40,40,0,7-0,bfs,1,35,11,40,0.307
8,0,hp40,40,0,7-0,dijkstra,1,23,11,26,0.2929
8,0,hp100_surf,100,1,7-0,dfs,1,149,31,42,0.5428
8,0,hp100_surf,100,1,7-0,bfs,1,24,7,36,0.1701
8,0,hp100_surf,100,1,7-0,dijkstra,1,17,11,31,0.1882
8,1,hp100,100,0,2-7,dfs,1,45,9,12,0.0816
8,1,hp100,100,0,2-7,bfs,1,45,9,23,0.111
8,1,hp100,100,0,2-7,dijkstra,1,45,9,24,0.1306
8,1,hp40,40,0,2-7,dfs,1,57,9,12,0.0809
8,1,hp40,40,0,2-7,bfs,1,57,9,23,0.11
8,1,hp40,40,0,2-7,dijkstra,1,57,9,30,0.1643
8,1,hp100_surf,100,1,2-7,dfs,1,54,9,10,0.0705
8,1,hp100_surf,100,1,2-7,bfs,1,54,9,44,0.1636
8,1,hp100_surf,100,1,2-7,dijkstra,1,37,11,42,0.2734
8,1,hp100,100,0,3-0,dfs,1,69,7,41,0.1767
8,1,hp100,100,0,3-0,bfs,1,31,5,12,0.076
8,1,hp100,100,0,3-0,dijkstra,1,31,5,15,0.1223
8,1,hp40,40,0,3-0,dfs,1,79,7,41,0.3161
8,1,hp40,40,0,3-0,bfs,1,37,5,12,0.1082
8,1,hp40,40,0,3-0,dijkstra,1,37,5,12,0.1265
8,1,hp100_surf,100,1,3-0,dfs,1,210,35,38,0.3074
8,1,hp100_surf,100,1,3-0,bfs,1,39,3,10,0.0424
8,1,hp100_surf,100,1,3-0,dijkstra,1,31,5,19,0.1205
8,1,hp100,100,0,1-7,dfs,1,46,10,13,0.0884
8,1,hp100,100,0,1-7,bfs,1,46,10,28,0.1302
8,1,hp100,100,0,1-7,dijkstra,1,46,10,26,0.1427
8,1,hp40,40,0,1-7,dfs,1,58,10,13,0.0882
8,1,hp40,40,0,1-7,bfs,1,58,10,28,0.1283
8,1,hp40,40,0,1-7,dijkstra,1,58,10,31,0.1716
8,1,hp100_surf,100,1,1-7,dfs,1,53,8,9,0.0656
8,1,hp100_surf,100,1,1-7,bfs,1,53,8,37,0.2096
8,1,hp100_surf,100,1,1-7,dijkstra,1,38,12,46,0.2834
8,2,hp100,100,0,2-5,dfs,1,55,7,9,0.0609
8,2,hp100,100,0,2-5,bfs,1,55,7,12,0.069
8,2,hp100,100,0,2-5,dijkstra,1,35,7,11,0.0588
8,2,hp40,40,0,2-5,dfs,1,59,7,9,0.0609
8,2,hp40,40,0,2-5,bfs,1,59,7,12,0.071
8,2,hp40,40,0,2-5,dijkstra,1,43,7,11,0.0585
8,2,hp100_surf,100,1,2-5,dfs,1,101,21,22,0.174
8,2,hp100_surf,100,1,2-5,bfs,1,48,7,31,0.1831
8,2,hp100_surf,100,1,2-5,dijkstra,1,30,7,24,0.2638
8,2,hp100,100,0,1-2,dfs,1,27,3,4,0.0459
8,2,hp100,100,0,1-2,bfs,1,27,3,5,0.0439
8,2,hp100,100,0,1-2,dijkstra,1,23,5,6,0.0525
8,2,hp40,40,0,1-2,dfs,1,27,3,4,0.041
8,2,hp40,40,0,1-2,bfs,1,27,3,5,0.0276
8,2,hp40,40,0,1-2,dijkstra,1,27,3,6,0.0365
8,2,hp100_surf,100,1,1-2,dfs,1,14,3,62,0.1957
8,2,hp100_surf,100,1,1-2,bfs,1,14,3,8,0.0326
8,2,hp100_surf,100,1,1-2,dijkstra,1,14,3,5,0.0229
8,2,hp100,100,0,2-0,dfs,1,16,2,13,0.0469
8,2,hp100,100,0,2-0,bfs,1,16,2,4,0.0195
8,2,hp100,100,0,2-0,dijkstra,1,16,2,3,0.0114
8,2,hp40,40,0,2-0,dfs,1,18,2,13,0.0456
8,2,hp40,40,0,2-0,bfs,1,18,2,4,0.0188
8,2,hp40,40,0,2-0,dijkstra,1,18,2,3,0.0109
8,2,hp100_surf,100,1,2-0,dfs,1,159,36,37,0.3001
8,2,hp100_surf,100,1,2-0,bfs,1,16,2,6,0.0253
8,2,hp100_surf,100,1,2-0,dijkstra,1,16,2,6,0.0304
8,3,hp100,100,0,4-4,dfs,1,52,10,39,0.2994
8,3,hp100,100,0,4-4,bfs,1,34,8,28,0.1202
8,3,hp100,100,0,4-4,dijkstra,1,20,8,18,0.1057
8,3,hp40,40,0,4-4,dfs,1,62,10,39,0.1688
8,3,hp40,40,0,4-4,bfs,1,40,8,28,0.1185
8,3,hp40,40,0,4-4,dijkstra,1,24,8,17,0.0979
8,3,hp100_surf,100,1,4-4,dfs,1,97,20,48,0.246
8,3,hp100_surf,100,1,4-4,bfs,1,34,8,40,0.2498
8,3,hp100_surf,100,1,4-4,dijkstra,1,13,8,17,0.1662
8,3,hp100,100,0,4-0,dfs,1,114,20,36,0.4025
8,3,hp100,100,0,4-0,bfs,1,38,6,18,0.1419
8,3,hp100,100,0,4-0,dijkstra,1,26,6,29,0.167
8,3,hp40,40,0,4-0,dfs,1,140,20,36,0.2155
8,3,hp40,40,0,4-0,bfs,1,42,6,18,0.0809
8,3,hp40,40,0,4-0,dijkstra,1,26,6,20,0.1125
8,3,hp100_surf,100,1,4-0,dfs,1,181,34,37,0.2781
8,3,hp100_surf,100,1,4-0,bfs,1,15,4,15,0.0558
8,3,hp100_surf,100,1,4-0,dijkstra,1,15,4,22,0.1302
8,3,hp100,100,0,3-0,dfs,1,107,21,35,0.2173
8,3,hp100,100,0,3-0,bfs,1,19,5,14,0.0663
8,3,hp100,100,0,3-0,dijkstra,1,17,5,12,0.0683
8,3,hp40,40,0,3-0,dfs,1,133,21,35,0.2159
8,3,hp40,40,0,3-0,bfs,1,21,5,14,0.0647
8,3,hp40,40,0,3-0,dijkstra,1,17,5,11,0.0596
8,3,hp100_surf,100,1,3-0,dfs,1,182,35,38,0.2904
8,3,hp100_surf,100,1,3-0,bfs,1,6,3,10,0.0388
8,3,hp100_surf,100,1,3-0,dijkstra,1,6,3,9,0.048
8,4,hp100,100,0,7-1,dfs,1,36,12,32,0.1529
8,4,hp100,100,0,7-1,bfs,1,36,12,29,0.1428
8,4,hp100,100,0,7-1,dijkstra,1,36,12,27,0.206
8,4,hp40,40,0,7-1,dfs,1,52,12,32,0.2811
8,4,hp40,40,0,7-1,bfs,1,52,12,29,0.2506
8,4,hp40,40,0,7-1,dijkstra,1,52,12,26,0.162
8,4,hp100_surf,100,1,7-1,dfs,1,133,30,34,0.2728
8,4,hp100_surf,100,1,7-1,bfs,1,42,8,43,0.1685
8,4,hp100_surf,100,1,7-1,dijkstra,1,24,8,35,0.2225
8,4,hp100,100,0,1-1,dfs,1,4,2,36,0.1117
8,4,hp100,100,0,1-1,bfs,1,4,2,4,0.0197
8,4,hp100,100,0,1-1,dijkstra,1,4,2,4,0.0163
8,4,hp40,40,0,1-1,dfs,1,6,2,36,0.1106
8,4,hp40,40,0,1-1,bfs,1,6,2,4,0.02
8,4,hp40,40,0,1-1,dijkstra,1,6,2,4,0.0165
8,4,hp100_surf,100,1,1-1,dfs,1,4,2,62,0.1842
8,4,hp100_surf,100,1,1-1,bfs,1,4,2,5,0.0218
8,4,hp100_surf,100,1,1-1,dijkstra,1,4,2,5,0.0233
8,4,hp100,100,0,4-2,dfs,1,18,8,17,0.0851
8,4,hp100,100,0,4-2,bfs,1,18,8,14,0.0772
8,4,hp100,100,0,4-2,dijkstra,1,18,8,11,0.0557
8,4,hp40,40,0,4-2,dfs,1,28,8,17,0.0909
8,4,hp40,40,0,4-2,bfs,1,28,8,14,0.0769
8,4,hp40,40,0,4-2,dijkstra,1,28,8,11,0.055
8,4,hp100_surf,100,1,4-2,dfs,1,119,26,30,0.2231
8,4,hp100_surf,100,1,4-2,bfs,1,24,6,26,0.1004
8,4,hp100_surf,100,1,4-2,dijkstra,1,15,6,19,0.1141
8,6,hp100,100,0,3-1,dfs,1,26,4,6,0.0432
8,6,hp100,100,0,3-1,bfs,1,26,4,6,0.0563
8,6,hp100,100,0,3-1,dijkstra,1,26,4,6,0.0471
8,6,hp40,40,0,3-1,dfs,1,32,4,6,0.057
8,6,hp40,40,0,3-1,bfs,1,32,4,6,0.062
8,6,hp40,40,0,3-1,dijkstra,1,32,4,6,0.0501
8,6,hp100_surf,100,1,3-1,dfs,1,192,32,37,0.5296
8,6,hp100_surf,100,1,3-1,bfs,1,29,4,11,0.0933
8,6,hp100_surf,100,1,3-1,dijkstra,1,26,4,10,0.1097
8,6,hp100,100,0,1-1,dfs,1,12,2,3,0.0286
8,6,hp100,100,0,1-1,bfs,1,12,2,3,0.0294
8,6,hp100,100,0,1-1,dijkstra,1,12,2,3,0.0211
8,6,hp40,40,0,1-1,dfs,1,14,2,3,0.0312
8,6,hp40,40,0,1-1,bfs,1,14,2,3,0.0156
8,6,hp40,40,0,1-1,dijkstra,1,14,2,3,0.0099
8,6,hp100_surf,100,1,1-1,dfs,1,15,2,3,0.0166
8,6,hp100_surf,100,1,1-1,bfs,1,15,2,4,0.0429
8,6,hp100_surf,100,1,1-1,dijkstra,1,12,2,4,0.0291
8,6,hp100,100,0,3-6,dfs,1,83,17,20,0.1551
8,6,hp100,100,0,3-6,bfs,1,51,11,26,0.138
8,6,hp100,100,0,3-6,dijkstra,1,51,11,25,0.1954
8,6,hp40,40,0,3-6,dfs,1,109,17,20,0.2587
8,6,hp40,40,0,3-6,bfs,1,67,11,26,0.1757
8,6,hp40,40,0,3-6,dijkstra,1,67,11,25,0.1805
8,6,hp100_surf,100,1,3-6,dfs,1,92,13,54,0.2216
8,6,hp100_surf,100,1,3-6,bfs,1,50,9,43,0.1657
8,6,hp100_surf,100,1,3-6,dijkstra,1,38,9,36,0.2457
8,10,hp100,100,0,2-2,dfs,1,26,6,8,0.0998
8,10,hp100,100,0,2-2,bfs,1,26,6,10,0.1133
8,10,hp100,100,0,2-2,dijkstra,1,26,6,14,0.1385
8,10,hp40,40,0,2-2,dfs,1,34,6,8,0.0906
8,10,hp40,40,0,2-2,bfs,1,34,6,10,0.0891
8,10,hp40,40,0,2-2,dijkstra,1,34,6,15,0.0878
8,10,hp100_surf,100,1,2-2,dfs,1,122,24,46,0.2579
8,10,hp100_surf,100,1,2-2,bfs,1,14,4,12,0.051
8,10,hp100_surf,100,1,2-2,dijkstra,1,13,4,14,0.0805
8,10,hp100,100,0,7-0,dfs,1,67,11,14,0.1406
8,10,hp100,100,0,7-0,bfs,1,41,9,16,0.0884
8,10,hp100,100,0,7-0,dijkstra,1,27,9,15,0.0816
8,10,hp40,40,0,7-0,dfs,1,79,11,14,0.0958
8,10,hp40,40,0,7-0,bfs,1,49,9,16,0.0885
8,10,hp40,40,0,7-0,dijkstra,1,33,9,14,0.0775
8,10,hp100_surf,100,1,7-0,dfs,1,173,31,41,0.2746
8,10,hp100_surf,100,1,7-0,bfs,1,17,7,35,0.1218
8,10,hp100_surf,100,1,7-0,dijkstra,1,17,7,20,0.1178
8,10,hp100,100,0,7-1,dfs,1,64,10,13,0.0884
8,10,hp100,100,0,7-1,bfs,1,38,8,15,0.0814
8,10,hp100,100,0,7-1,dijkstra,1,24,8,13,0.074
8,10,hp40,40,0,7-1,dfs,1,74,10,13,0.0885
8,10,hp40,40,0,7-1,bfs,1,44,8,15,0.0855
8,10,hp40,40,0,7-1,dijkstra,1,28,8,11,0.0631
8,10,hp100_surf,100,1,7-1,dfs,1,170,30,31,0.4132
8,10,hp100_surf,100,1,7-1,bfs,1,38,8,42,0.2515
8,10,hp100_surf,100,1,7-1,dijkstra,1,16,8,19,0.2016
8,11,hp100,100,0,3-2,dfs,1,9,5,6,0.0718
8,11,hp100,100,0,3-2,bfs,1,9,5,8,0.0721
8,11,hp100,100,0,3-2,dijkstra,1,9,5,8,0.0424
8,11,hp40,40,0,3-2,dfs,1,13,5,6,0.0405
8,11,hp40,40,0,3-2,bfs,1,13,5,8,0.0464
8,11,hp40,40,0,3-2,dijkstra,1,13,5,8,0.0418
8,11,hp100_surf,100,1,3-2,dfs,1,103,25,27,0.2069
8,11,hp100_surf,100,1,3-2,bfs,1,13,5,18,0.0707
8,11,hp100_surf,100,1,3-2,dijkstra,1,9,5,15,0.1046
8,11,hp100,100,0,3-1,dfs,1,6,4,5,0.03
8,11,hp100,100,0,3-1,bfs,1,6,4,6,0.0329
8,11,hp100,100,0,3-1,dijkstra,1,6,4,6,0.0268
8,11,hp40,40,0,3-1,dfs,1,8,4,5,0.0291
8,11,hp40,40,0,3-1,bfs,1,8,4,6,0.0324
8,11,hp40,40,0,3-1,dijkstra,1,8,4,6,0.0267
8,11,hp100_surf,100,1,3-1,dfs,1,106,26,42,0.2471
8,11,hp100_surf,100,1,3-1,bfs,1,12,4,13,0.0518
8,11,hp100_surf,100,1,3-1,dijkstra,1,6,4,9,0.0457
8,11,hp100,100,0,6-3,dfs,1,31,9,11,0.075
8,11,hp100,100,0,6-3,bfs,1,31,9,17,0.091
8,11,hp100,100,0,6-3,dijkstra,1,23,9,16,0.0898
8,11,hp40,40,0,6-3,dfs,1,37,9,11,0.0777
8,11,hp40,40,0,6-3,bfs,1,37,9,17,0.0915
8,11,hp40,40,0,6-3,dijkstra,1,29,9,16,0.0887
8,11,hp100_surf,100,1,6-3,dfs,1,78,19,50,0.2251
8,11,hp100_surf,100,1,6-3,bfs,1,31,9,47,0.1751
8,11,hp100_surf,100,1,6-3,dijkstra,1,16,9,38,0.4396
8,12,hp100,100,0,1-2,dfs,1,7,3,4,0.044
8,12,hp100,100,0,1-2,bfs,1,7,3,4,0.0512
8,12,hp100,100,0,1-2,dijkstra,1,7,3,4,0.0291
8,12,hp40,40,0,1-2,dfs,1,11,3,4,0.0437
8,12,hp40,40,0,1-2,bfs,1,11,3,4,0.0428
8,12,hp40,40,0,1-2,dijkstra,1,11,3,4,0.0288
8,12,hp100_surf,100,1,1-2,dfs,1,7,3,61,0.1824
8,12,hp100_surf,100,1,1-2,bfs,1,7,3,8,0.0343
8,12,hp100_surf,100,1,1-2,dijkstra,1,7,3,6,0.0289
8,12,hp100,100,0,1-3,dfs,1,10,4,5,0.0294
8,12,hp100,100,0,1-3,bfs,1,10,4,5,0.03
8,12,hp100,100,0,1-3,dijkstra,1,10,4,5,0.0201
8,12,hp40,40,0,1-3,dfs,1,16,4,5,0.0289
8,12,hp40,40,0,1-3,bfs,1,16,4,5,0.0291
8,12,hp40,40,0,1-3,dijkstra,1,16,4,5,0.0204
8,12,hp100_surf,100,1,1-3,dfs,1,11,4,60,0.1835
8,12,hp100_surf,100,1,1-3,bfs,1,11,4,12,0.0492
8,12,hp100_surf,100,1,1-3,dijkstra,1,10,4,10,0.0527
8,12,hp100,100,0,2-4,dfs,1,14,6,37,0.1356
8,12,hp100,100,0,2-4,bfs,1,14,6,10,0.0571
8,12,hp100,100,0,2-4,dijkstra,1,14,6,11,0.0606
8,12,hp40,40,0,2-4,dfs,1,22,6,37,0.1351
8,12,hp40,40,0,2-4,bfs,1,22,6,10,0.0585
8,12,hp40,40,0,2-4,dijkstra,1,22,6,11,0.0615
8,12,hp100_surf,100,1,2-4,dfs,1,95,22,23,0.1703
8,12,hp100_surf,100,1,2-4,bfs,1,21,6,24,0.1461
8,12,hp100_surf,100,1,2-4,dijkstra,1,14,6,16,0.1592
8,13,hp100,100,0,3-0,dfs,1,15,5,30,0.1155
8,13,hp100,100,0,3-0,bfs,1,15,5,15,0.0729
8,13,hp100,100,0,3-0,dijkstra,1,15,5,11,0.0757
8,13,hp40,40,0,3-0,dfs,1,17,5,30,0.1143
8,13,hp40,40,0,3-0,bfs,1,17,5,15,0.0704
8,13,hp40,40,0,3-0,dijkstra,1,17,5,11,0.068
8,13,hp100_surf,100,1,3-0,dfs,1,128,35,38,0.2985
8,13,hp100_surf,100,1,3-0,bfs,1,10,3,10,0.0399
8,13,hp100_surf,100,1,3-0,dijkstra,1,10,3,9,0.0538
8,13,hp100,100,0,7-0,dfs,1,53,11,26,0.138
8,13,hp100,100,0,7-0,bfs,1,45,9,31,0.1323
8,13,hp100,100,0,7-0,dijkstra,1,45,9,31,0.1759
8,13,hp40,40,0,7-0,dfs,1,59,11,26,0.1355
8,13,hp40,40,0,7-0,bfs,1,49,9,31,0.1505
8,13,hp40,40,0,7-0,dijkstra,1,49,9,31,0.1744
8,13,hp100_surf,100,1,7-0,dfs,1,110,31,42,0.2726
8,13,hp100_surf,100,1,7-0,bfs,1,27,7,36,0.1272
8,13,hp100_surf,100,1,7-0,dijkstra,1,27,7,58,0.3535
8,13,hp100,100,0,6-1,dfs,1,43,9,24,0.1206
8,13,hp100,100,0,6-1,bfs,1,35,7,27,0.1117
8,13,hp100,100,0,6-1,dijkstra,1,35,7,28,0.1627
8,13,hp40,40,0,6-1,dfs,1,49,9,24,0.1207
8,13,hp40,40,0,6-1,bfs,1,39,7,27,0.1135
8,13,hp40,40,0,6-1,dijkstra,1,39,7,28,0.1607
8,13,hp100_surf,100,1,6-1,dfs,1,102,31,32,0.2462
8,13,hp100_surf,100,1,6-1,bfs,1,35,7,35,0.1354
8,13,hp100_surf,100,1,6-1,dijkstra,1,19,7,35,0.2297
8,14,hp100,100,0,3-7,dfs,1,36,10,13,0.0885
8,14,hp100,100,0,3-7,bfs,1,36,10,17,0.1017
8,14,hp100,100,0,3-7,dijkstra,1,28,10,16,0.087
8,14,hp40,40,0,3-7,dfs,1,42,10,13,0.0923
8,14,hp40,40,0,3-7,bfs,1,42,10,17,0.1666
8,14,hp40,40,0,3-7,dijkstra,1,34,10,16,0.1429
8,14,hp100_surf,100,1,3-7,dfs,1,38,10,11,0.0845
8,14,hp100_surf,100,1,3-7,bfs,1,38,10,49,0.1737
8,14,hp100_surf,100,1,3-7,dijkstra,1,27,10,51,0.3157
8,14,hp100,100,0,1-6,dfs,1,27,9,11,0.0808
8,14,hp100,100,0,1-6,bfs,1,27,9,14,0.086
8,14,hp100,100,0,1-6,dijkstra,1,27,9,14,0.0774
8,14,hp40,40,0,1-6,dfs,1,33,9,11,0.0797
8,14,hp40,40,0,1-6,bfs,1,33,9,14,0.0877
8,14,hp40,40,0,1-6,dijkstra,1,33,9,14,0.0778
8,14,hp100_surf,100,1,1-6,dfs,1,22,7,57,0.2109
8,14,hp100_surf,100,1,1-6,bfs,1,22,7,29,0.194
8,14,hp100_surf,100,1,1-6,dijkstra,1,22,7,32,0.2192
8,14,hp100,100,0,5-1,dfs,1,72,20,30,0.2465
8,14,hp100,100,0,5-1,bfs,1,72,20,35,0.2332
8,14,hp100,100,0,5-1,dijkstra,1,62,20,35,0.2394
8,14,hp40,40,0,5-1,dfs,1,92,20,30,0.2114
8,14,hp40,40,0,5-1,bfs,1,92,20,35,0.3615
8,14,hp40,40,0,5-1,dijkstra,1,84,20,35,0.2142
8,14,hp100_surf,100,1,5-1,dfs,1,162,28,41,0.3205
8,14,hp100_surf,100,1,5-1,bfs,1,18,6,26,0.0999
8,14,hp100_surf,100,1,5-1,dijkstra,1,18,6,22,0.1458
8,15,hp100,100,0,0-4,dfs,1,26,8,9,0.0649
8,15,hp100,100,0,0-4,bfs,1,26,8,14,0.0762
8,15,hp100,100,0,0-4,dijkstra,1,26,8,13,0.0719
8,15,hp40,40,0,0-4,dfs,1,32,8,9,0.0656
8,15,hp40,40,0,0-4,bfs,1,32,8,14,0.0787
8,15,hp40,40,0,0-4,dijkstra,1,32,8,13,0.0713
8,15,hp100_surf,100,1,0-4,dfs,1,23,6,7,0.0495
8,15,hp100_surf,100,1,0-4,bfs,1,23,6,19,0.1301
8,15,hp100_surf,100,1,0-4,dijkstra,1,23,6,13,0.1207
8,15,hp100,100,0,2-6,dfs,1,28,8,14,0.1289
8,15,hp100,100,0,2-6,bfs,1,28,8,15,0.1214
8,15,hp100,100,0,2-6,dijkstra,1,28,8,15,0.1685
8,15,hp40,40,0,2-6,dfs,1,36,8,14,0.1358
8,15,hp40,40,0,2-6,bfs,1,36,8,15,0.1232
8,15,hp40,40,0,2-6,dijkstra,1,36,8,15,0.0957
8,15,hp100_surf,100,1,2-6,dfs,1,53,12,54,0.3887
8,15,hp100_surf,100,1,2-6,bfs,1,35,8,36,0.24
8,15,hp100_surf,100,1,2-6,dijkstra,1,28,8,24,0.2585
8,15,hp100,100,0,0-3,dfs,1,25,7,8,0.098
8,15,hp100,100,0,0-3,bfs,1,25,7,10,0.1041
8,15,hp100,100,0,0-3,dijkstra,1,25,7,10,0.0723
8,15,hp40,40,0,0-3,dfs,1,31,7,8,0.0567
8,15,hp40,40,0,0-3,bfs,1,31,7,10,0.0628
8,15,hp40,40,0,0-3,dijkstra,1,31,7,10,0.0544
8,15,hp100_surf,100,1,0-3,dfs,1,22,5,6,0.0416
8,15,hp100_surf,100,1,0-3,bfs,1,22,5,13,0.0635
8,15,hp100_surf,100,1,0-3,dijkstra,1,22,5,11,0.0623
8,16,hp100,100,0,3-7,dfs,1,66,12,13,0.1006
8,16,hp100,100,0,3-7,bfs,1,66,12,31,0.1527
8,16,hp100,100,0,3-7,dijkstra,1,58,12,17,0.0944
8,16,hp40,40,0,3-7,dfs,1,80,12,13,0.0997
8,16,hp40,40,0,3-7,bfs,1,80,12,31,0.1501
8,16,hp40,40,0,3-7,dijkstra,1,72,12,20,0.1127
8,16,hp100_surf,100,1,3-7,dfs,1,54,12,13,0.0944
8,16,hp100_surf,100,1,3-7,bfs,1,50,10,48,0.1802
8,16,hp100_surf,100,1,3-7,dijkstra,1,40,10,43,0.301
8,16,hp100,100,0,5-3,dfs,1,120,20,27,0.3529
8,16,hp100,100,0,5-3,bfs,1,76,10,23,0.2181
8,16,hp100,100,0,5-3,dijkstra,1,74,16,30,0.1756
8,16,hp40,40,0,5-3,dfs,1,148,20,27,0.1919
8,16,hp40,40,0,5-3,bfs,1,90,10,23,0.1504
8,16,hp40,40,0,5-3,dijkstra,1,90,10,31,0.3021
8,16,hp100_surf,100,1,5-3,dfs,1,90,24,46,0.3187
8,16,hp100_surf,100,1,5-3,bfs,1,31,8,38,0.1438
8,16,hp100_surf,100,1,5-3,dijkstra,1,31,8,28,0.1831
8,16,hp100,100,0,4-0,dfs,1,140,26,34,0.2524
8,16,hp100,100,0,4-0,bfs,1,62,8,16,0.087
8,16,hp100,100,0,4-0,dijkstra,1,62,8,21,0.1157
8,16,hp40,40,0,4-0,dfs,1,174,26,34,0.2597
8,16,hp40,40,0,4-0,bfs,1,72,8,16,0.0931
8,16,hp40,40,0,4-0,dijkstra,1,72,8,19,0.1667
8,16,hp100_surf,100,1,4-0,dfs,1,115,28,43,0.4831
8,16,hp100_surf,100,1,4-0,bfs,1,19,4,12,0.0915
8,16,hp100_surf,100,1,4-0,dijkstra,1,17,6,10,0.108
8,17,hp100,100,0,1-7,dfs,1,30,10,11,0.1403
8,17,hp100,100,0,1-7,bfs,1,10,8,25,0.1835
8,17,hp100,100,0,1-7,dijkstra,1,10,8,12,0.0725
8,17,hp40,40,0,1-7,dfs,1,34,10,11,0.0852
8,17,hp40,40,0,1-7,bfs,1,12,8,25,0.12
8,17,hp40,40,0,1-7,dijkstra,1,12,8,12,0.0739
8,17,hp100_surf,100,1,1-7,dfs,1,44,8,9,0.0659
8,17,hp100_surf,100,1,1-7,bfs,1,44,8,36,0.1324
8,17,hp100_surf,100,1,1-7,dijkstra,1,10,8,18,0.1113
8,17,hp100,100,0,6-0,dfs,1,74,18,36,0.2173
8,17,hp100,100,0,6-0,bfs,1,38,8,29,0.1248
8,17,hp100,100,0,6-0,dijkstra,1,36,8,27,0.1544
8,17,hp40,40,0,6-0,dfs,1,90,18,36,0.2129
8,17,hp40,40,0,6-0,bfs,1,44,8,29,0.1246
8,17,hp40,40,0,6-0,dijkstra,1,40,8,27,0.1522
8,17,hp100_surf,100,1,6-0,dfs,1,170,34,39,0.2985
8,17,hp100_surf,100,1,6-0,bfs,1,12,6,28,0.1084
8,17,hp100_surf,100,1,6-0,dijkstra,1,12,6,24,0.1525
8,17,hp100,100,0,1-2,dfs,1,3,3,4,0.0232
8,17,hp100,100,0,1-2,bfs,1,3,3,4,0.0232
8,17,hp100,100,0,1-2,dijkstra,1,3,3,4,0.0155
8,17,hp40,40,0,1-2,dfs,1,3,3,4,0.0224
8,17,hp40,40,0,1-2,bfs,1,3,3,4,0.0231
8,17,hp40,40,0,1-2,dijkstra,1,3,3,4,0.0156
8,17,hp100_surf,100,1,1-2,dfs,1,21,3,59,0.1986
8,17,hp100_surf,100,1,1-2,bfs,1,21,3,8,0.0346
8,17,hp100_surf,100,1,1-2,dijkstra,1,3,3,4,0.0185
8,18,hp100,100,0,4-0,dfs,1,100,20,37,0.2881
8,18,hp100,100,0,4-0,bfs,1,24,4,11,0.1236
8,18,hp100,100,0,4-0,dijkstra,1,24,4,10,0.0668
8,18,hp40,40,0,4-0,dfs,1,120,20,37,0.2779
8,18,hp40,40,0,4-0,bfs,1,28,4,11,0.1047
8,18,hp40,40,0,4-0,dijkstra,1,28,4,10,0.1132
8,18,hp100_surf,100,1,4-0,dfs,1,176,34,39,0.5798
8,18,hp100_surf,100,1,4-0,bfs,1,24,4,15,0.1205
8,18,hp100_surf,100,1,4-0,dijkstra,1,17,6,13,0.0974
8,18,hp100,100,0,3-7,dfs,1,60,10,13,0.0953
8,18,hp100,100,0,3-7,bfs,1,60,10,34,0.152
8,18,hp100,100,0,3-7,dijkstra,1,60,10,37,0.2343
8,18,hp40,40,0,3-7,dfs,1,70,10,13,0.0979
8,18,hp40,40,0,3-7,bfs,1,70,10,34,0.2721
8,18,hp40,40,0,3-7,dijkstra,1,70,10,37,0.3962
8,18,hp100_surf,100,1,3-7,dfs,1,56,10,11,0.161
8,18,hp100_surf,100,1,3-7,bfs,1,56,10,50,0.1787
8,18,hp100_surf,100,1,3-7,dijkstra,1,31,10,47,0.3413
8,18,hp100,100,0,3-1,dfs,1,102,20,34,0.2288
8,18,hp100,100,0,3-1,bfs,1,26,4,10,0.0611
8,18,hp100,100,0,3-1,dijkstra,1,26,4,11,0.135
8,18,hp40,40,0,3-1,dfs,1,124,20,34,0.3386
8,18,hp40,40,0,3-1,bfs,1,32,4,10,0.0887
8,18,hp40,40,0,3-1,dijkstra,1,32,4,11,0.1023
8,18,hp100_surf,100,1,3-1,dfs,1,178,34,35,0.3379
8,18,hp100_surf,100,1,3-1,bfs,1,14,4,14,0.1157
8,18,hp100_surf,100,1,3-1,dijkstra,1,13,4,7,0.0775
8,19,hp100,100,0,1-7,dfs,1,46,10,11,0.1524
8,19,hp100,100,0,1-7,bfs,1,46,10,23,0.2155
8,19,hp100,100,0,1-7,dijkstra,1,46,10,26,0.2789
8,19,hp40,40,0,1-7,dfs,1,58,10,11,0.1534
8,19,hp40,40,0,1-7,bfs,1,58,10,23,0.2119
8,19,hp40,40,0,1-7,dijkstra,1,58,10,26,0.2765
8,19,hp100_surf,100,1,1-7,dfs,1,47,8,9,0.114
8,19,hp100_surf,100,1,1-7,bfs,1,47,8,36,0.2407
8,19,hp100_surf,100,1,1-7,dijkstra,1,40,14,62,0.3888
8,19,hp100,100,0,6-3,dfs,1,79,19,25,0.2204
8,19,hp100,100,0,6-3,bfs,1,37,9,22,0.1976
8,19,hp100,100,0,6-3,dijkstra,1,37,9,21,0.2162
8,19,hp40,40,0,6-3,dfs,1,99,19,25,0.296
8,19,hp40,40,0,6-3,bfs,1,45,9,22,0.1947
8,19,hp40,40,0,6-3,dijkstra,1,45,9,20,0.2118
8,19,hp100_surf,100,1,6-3,dfs,1,144,27,28,0.3998
8,19,hp100_surf,100,1,6-3,bfs,1,37,9,47,0.3121
8,19,hp100_surf,100,1,6-3,dijkstra,1,27,9,50,0.5834
8,19,hp100,100,0,2-3,dfs,1,99,23,29,0.3786
8,19,hp100,100,0,2-3,bfs,1,21,5,11,0.11
8,19,hp100,100,0,2-3,dijkstra,1,21,5,11,0.1168
8,19,hp40,40,0,2-3,dfs,1,123,23,29,0.4005
8,19,hp40,40,0,2-3,bfs,1,25,5,11,0.1102
8,19,hp40,40,0,2-3,dijkstra,1,25,5,11,0.1179
8,19,hp100_surf,100,1,2-3,dfs,1,128,23,24,0.357
8,19,hp100_surf,100,1,2-3,bfs,1,21,5,18,0.1444
8,19,hp100_surf,100,1,2-3,dijkstra,1,20,5,27,0.1946
8,20,hp100,100,0,0-2,dfs,1,4,2,3,0.0183
8,20,hp100,100,0,0-2,bfs,1,4,2,4,0.0217
8,20,hp100,100,0,0-2,dijkstra,1,4,2,6,0.0331
8,20,hp40,40,0,0-2,dfs,1,6,2,3,0.0187
8,20,hp40,40,0,0-2,bfs,1,6,2,4,0.0207
8,20,hp40,40,0,0-2,dijkstra,1,6,2,6,0.0338
8,20,hp100_surf,100,1,0-2,dfs,1,4,2,3,0.0167
8,20,hp100_surf,100,1,0-2,bfs,1,4,2,4,0.0208
8,20,hp100_surf,100,1,0-2,dijkstra,1,4,2,6,0.0345
8,20,hp100,100,0,3-2,dfs,1,141,27,34,0.2607
8,20,hp100,100,0,3-2,bfs,1,21,7,25,0.1077
8,20,hp100,100,0,3-2,dijkstra,1,21,7,14,0.0818
8,20,hp40,40,0,3-2,dfs,1,183,27,34,0.2862
8,20,hp40,40,0,3-2,bfs,1,27,7,25,0.1233
8,20,hp40,40,0,3-2,dijkstra,1,27,7,14,0.0854
8,20,hp100_surf,100,1,3-2,dfs,1,130,25,29,0.2526
8,20,hp100_surf,100,1,3-2,bfs,1,30,5,19,0.0836
8,20,hp100_surf,100,1,3-2,dijkstra,1,10,5,9,0.0547
8,20,hp100,100,0,5-1,dfs,1,136,24,31,0.2934
8,20,hp100,100,0,5-1,bfs,1,26,6,20,0.0917
8,20,hp100,100,0,5-1,dijkstra,1,26,6,24,0.1753
8,20,hp40,40,0,5-1,dfs,1,176,24,31,0.238
8,20,hp40,40,0,5-1,bfs,1,30,6,20,0.0891
8,20,hp40,40,0,5-1,dijkstra,1,30,6,20,0.1243
8,20,hp100_surf,100,1,5-1,dfs,1,146,28,43,0.2944
8,20,hp100_surf,100,1,5-1,bfs,1,29,6,27,0.1086
8,20,hp100_surf,100,1,5-1,dijkstra,1,19,6,31,0.2155
8,21,hp100,100,0,6-4,dfs,1,70,10,12,0.0931
8,21,hp100,100,0,6-4,bfs,1,70,10,25,0.1291
8,21,hp100,100,0,6-4,dijkstra,1,60,10,27,0.1636
8,21,hp40,40,0,6-4,dfs,1,82,10,12,0.0921
8,21,hp40,40,0,6-4,bfs,1,82,10,25,0.1307
8,21,hp40,40,0,6-4,dijkstra,1,70,10,26,0.1803
8,21,hp100_surf,100,1,6-4,dfs,1,127,18,21,0.1512
8,21,hp100_surf,100,1,6-4,bfs,1,56,10,51,0.1945
8,21,hp100_surf,100,1,6-4,dijkstra,1,44,10,50,0.3357
8,21,hp100,100,0,1-2,dfs,1,27,3,4,0.0254
8,21,hp100,100,0,1-2,bfs,1,27,3,4,0.0255
8,21,hp100,100,0,1-2,dijkstra,1,27,3,4,0.0182
8,21,hp40,40,0,1-2,dfs,1,31,3,4,0.0257
8,21,hp40,40,0,1-2,bfs,1,31,3,4,0.0253
8,21,hp40,40,0,1-2,dijkstra,1,31,3,4,0.0175
8,21,hp100_surf,100,1,1-2,dfs,1,9,3,59,0.186
8,21,hp100_surf,100,1,1-2,bfs,1,9,3,8,0.0351
8,21,hp100_surf,100,1,1-2,dijkstra,1,9,3,4,0.018
8,21,hp100,100,0,3-0,dfs,1,77,15,21,0.1474
8,21,hp100,100,0,3-0,bfs,1,33,5,11,0.0592
8,21,hp100,100,0,3-0,dijkstra,1,33,5,7,0.0407
8,21,hp40,40,0,3-0,dfs,1,95,15,21,0.1483
8,21,hp40,40,0,3-0,bfs,1,41,5,11,0.0596
8,21,hp40,40,0,3-0,dijkstra,1,41,5,8,0.0457
8,21,hp100_surf,100,1,3-0,dfs,1,216,35,38,0.3087
8,21,hp100_surf,100,1,3-0,bfs,1,18,3,10,0.0443
8,21,hp100_surf,100,1,3-0,dijkstra,1,18,3,9,0.0541
8,22,hp100,100,0,5-4,dfs,1,51,11,17,0.1123
8,22,hp100,100,0,5-4,bfs,1,51,11,21,0.1414
8,22,hp100,100,0,5-4,dijkstra,1,51,11,19,0.1208
8,22,hp40,40,0,5-4,dfs,1,59,11,17,0.1149
8,22,hp40,40,0,5-4,bfs,1,59,11,21,0.1207
8,22,hp40,40,0,5-4,dijkstra,1,59,11,21,0.1209
8,22,hp100_surf,100,1,5-4,dfs,1,85,21,22,0.1753
8,22,hp100_surf,100,1,5-4,bfs,1,46,9,47,0.1799
8,22,hp100_surf,100,1,5-4,dijkstra,1,35,11,44,0.2791
8,22,hp100,100,0,6-3,dfs,1,47,9,15,0.0866
8,22,hp100,100,0,6-3,bfs,1,47,9,17,0.0897
8,22,hp100,100,0,6-3,dijkstra,1,47,9,15,0.081
8,22,hp40,40,0,6-3,dfs,1,53,9,15,0.0871
8,22,hp40,40,0,6-3,bfs,1,53,9,17,0.0897
8,22,hp40,40,0,6-3,dijkstra,1,53,9,15,0.08
8,22,hp100_surf,100,1,6-3,dfs,1,85,21,50,0.4016
8,22,hp100_surf,100,1,6-3,bfs,1,45,9,48,0.3456
8,22,hp100_surf,100,1,6-3,dijkstra,1,31,9,35,0.4304
8,22,hp100,100,0,6-0,dfs,1,52,8,41,0.3131
8,22,hp100,100,0,6-0,bfs,1,52,8,16,0.1604
8,22,hp100,100,0,6-0,dijkstra,1,52,8,22,0.2449
8,22,hp40,40,0,6-0,dfs,1,56,8,41,0.3354
8,22,hp40,40,0,6-0,bfs,1,56,8,16,0.1667
8,22,hp40,40,0,6-0,dijkstra,1,56,8,18,0.1966
8,22,hp100_surf,100,1,6-0,dfs,1,154,34,37,0.3003
8,22,hp100_surf,100,1,6-0,bfs,1,49,6,28,0.1041
8,22,hp100_surf,100,1,6-0,dijkstra,1,42,10,57,0.367
8,23,hp100,100,0,1-5,dfs,1,12,6,9,0.0558
8,23,hp100,100,0,1-5,bfs,1,12,6,9,0.0562
8,23,hp100,100,0,1-5,dijkstra,1,12,6,9,0.0599
8,23,hp40,40,0,1-5,dfs,1,18,6,9,0.0531
8,23,hp40,40,0,1-5,bfs,1,18,6,9,0.0555
8,23,hp40,40,0,1-5,dijkstra,1,18,6,9,0.0442
8,23,hp100_surf,100,1,1-5,dfs,1,15,8,9,0.0634
8,23,hp100_surf,100,1,1-5,bfs,1,12,6,20,0.0865
8,23,hp100_surf,100,1,1-5,dijkstra,1,12,6,16,0.0963
8,23,hp100,100,0,1-0,dfs,1,1,1,2,0.0072
8,23,hp100,100,0,1-0,bfs,1,1,1,2,0.0076
8,23,hp100,100,0,1-0,dijkstra,1,1,1,2,0.0046
8,23,hp40,40,0,1-0,dfs,1,1,1,2,0.007
8,23,hp40,40,0,1-0,bfs,1,1,1,2,0.0075
8,23,hp40,40,0,1-0,dijkstra,1,1,1,2,0.0045
8,23,hp100_surf,100,1,1-0,dfs,1,1,1,2,0.0067
8,23,hp100_surf,100,1,1-0,bfs,1,1,1,2,0.0072
8,23,hp100_surf,100,1,1-0,dijkstra,1,1,1,2,0.0043
8,23,hp100,100,0,0-3,dfs,1,9,5,6,0.0396
8,23,hp100,100,0,0-3,bfs,1,9,5,6,0.0411
8,23,hp100,100,0,0-3,dijkstra,1,9,5,6,0.0277
8,23,hp40,40,0,0-3,dfs,1,13,5,6,0.0396
8,23,hp40,40,0,0-3,bfs,1,13,5,6,0.0402
8,23,hp40,40,0,0-3,dijkstra,1,13,5,6,0.0272
8,23,hp100_surf,100,1,0-3,dfs,1,10,5,6,0.0391
8,23,hp100_surf,100,1,0-3,bfs,1,10,5,13,0.0595
8,23,hp100_surf,100,1,0-3,dijkstra,1,9,5,9,0.0531
8,24,hp100,100,0,0-4,dfs,1,22,4,5,0.0691
8,24,hp100,100,0,0-4,bfs,1,22,4,9,0.0553
8,24,hp100,100,0,0-4,dijkstra,1,22,4,15,0.1026
8,24,hp40,40,0,0-4,dfs,1,24,4,5,0.0458
8,24,hp40,40,0,0-4,bfs,1,24,4,9,0.0475
8,24,hp40,40,0,0-4,dijkstra,1,24,4,14,0.0941
8,24,hp100_surf,100,1,0-4,dfs,1,22,4,5,0.0337
8,24,hp100_surf,100,1,0-4,bfs,1,22,4,11,0.0551
8,24,hp100_surf,100,1,0-4,dijkstra,1,22,4,29,0.2053
8,24,hp100,100,0,0-2,dfs,1,4,2,3,0.0374
8,24,hp100,100,0,0-2,bfs,1,4,2,4,0.0453
8,24,hp100,100,0,0-2,dijkstra,1,4,2,4,0.0184
8,24,hp40,40,0,0-2,dfs,1,6,2,3,0.0176
8,24,hp40,40,0,0-2,bfs,1,6,2,4,0.0211
8,24,hp40,40,0,0-2,dijkstra,1,6,2,4,0.0184
8,24,hp100_surf,100,1,0-2,dfs,1,4,2,3,0.0171
8,24,hp100_surf,100,1,0-2,bfs,1,4,2,4,0.0198
8,24,hp100_surf,100,1,0-2,dijkstra,1,4,2,4,0.0183
8,24,hp100,100,0,1-5,dfs,1,44,6,7,0.05
8,24,hp100,100,0,1-5,bfs,1,44,6,15,0.0727
8,24,hp100,100,0,1-5,dijkstra,1,26,6,19,0.1168
8,24,hp40,40,0,1-5,dfs,1,50,6,7,0.0502
8,24,hp40,40,0,1-5,bfs,1,50,6,15,0.074
8,24,hp40,40,0,1-5,dijkstra,1,30,6,18,0.1163
8,24,hp100_surf,100,1,1-5,dfs,1,44,6,57,0.1981
8,24,hp100_surf,100,1,1-5,bfs,1,44,6,23,0.0923
8,24,hp100_surf,100,1,1-5,dijkstra,1,26,6,39,0.2606
8,25,hp100,100,0,1-2,dfs,1,7,3,4,0.027
8,25,hp100,100,0,1-2,bfs,1,7,3,6,0.0347
8,25,hp100,100,0,1-2,dijkstra,1,7,3,7,0.036
8,25,hp40,40,0,1-2,dfs,1,11,3,4,0.0312
8,25,hp40,40,0,1-2,bfs,1,11,3,6,0.0396
8,25,hp40,40,0,1-2,dijkstra,1,11,3,7,0.0449
8,25,hp100_surf,100,1,1-2,dfs,1,10,3,61,0.2653
8,25,hp100_surf,100,1,1-2,bfs,1,10,3,8,0.0684
8,25,hp100_surf,100,1,1-2,dijkstra,1,7,3,8,0.0791
8,25,hp100,100,0,7-7,dfs,1,96,20,35,0.3892
8,25,hp100,100,0,7-7,bfs,1,54,14,47,0.3689
8,25,hp100,100,0,7-7,dijkstra,1,46,14,47,0.4985
8,25,hp40,40,0,7-7,dfs,1,116,20,35,0.4084
8,25,hp40,40,0,7-7,bfs,1,66,14,47,0.3769
8,25,hp40,40,0,7-7,dijkstra,1,58,14,47,0.5229
8,25,hp100_surf,100,1,7-7,dfs,1,91,16,17,0.2476
8,25,hp100_surf,100,1,7-7,bfs,1,68,14,63,0.4721
8,25,hp100_surf,100,1,7-7,dijkstra,1,28,14,56,0.6024
8,25,hp100,100,0,1-1,dfs,1,4,2,3,0.0284
8,25,hp100,100,0,1-1,bfs,1,4,2,4,0.0374
8,25,hp100,100,0,1-1,dijkstra,1,4,2,4,0.0274
8,25,hp40,40,0,1-1,dfs,1,6,2,3,0.0256
8,25,hp40,40,0,1-1,bfs,1,6,2,4,0.0206
8,25,hp40,40,0,1-1,dijkstra,1,6,2,4,0.0178
8,25,hp100_surf,100,1,1-1,dfs,1,4,2,62,0.1899
8,25,hp100_surf,100,1,1-1,bfs,1,4,2,5,0.0228
8,25,hp100_surf,100,1,1-1,dijkstra,1,4,2,4,0.0182
8,26,hp100,100,0,3-7,dfs,1,38,10,18,0.1178
8,26,hp100,100,0,3-7,bfs,1,38,10,31,0.1541
8,26,hp100,100,0,3-7,dijkstra,1,30,10,31,0.2073
8,26,hp40,40,0,3-7,dfs,1,50,10,18,0.1185
8,26,hp40,40,0,3-7,bfs,1,50,10,31,0.1527
8,26,hp40,40,0,3-7,dijkstra,1,42,10,34,0.2254
8,26,hp100_surf,100,1,3-7,dfs,1,32,10,11,0.0804
8,26,hp100_surf,100,1,3-7,bfs,1,32,10,50,0.1841
8,26,hp100_surf,100,1,3-7,dijkstra,1,23,10,42,0.2881
8,26,hp100,100,0,1-4,dfs,1,19,5,6,0.0439
8,26,hp100,100,0,1-4,bfs,1,19,5,11,0.0584
8,26,hp100,100,0,1-4,dijkstra,1,11,5,10,0.0655
8,26,hp40,40,0,1-4,dfs,1,25,5,6,0.0496
8,26,hp40,40,0,1-4,bfs,1,25,5,11,0.059
8,26,hp40,40,0,1-4,dijkstra,1,17,5,13,0.0786
8,26,hp100_surf,100,1,1-4,dfs,1,20,5,60,0.2013
8,26,hp100_surf,100,1,1-4,bfs,1,20,5,17,0.0713
8,26,hp100_surf,100,1,1-4,dijkstra,1,11,5,10,0.065
8,26,hp100,100,0,4-5,dfs,1,47,9,41,0.181
8,26,hp100,100,0,4-5,bfs,1,47,9,25,0.131
8,26,hp100,100,0,4-5,dijkstra,1,39,9,41,0.2662
8,26,hp40,40,0,4-5,dfs,1,57,9,41,0.1802
8,26,hp40,40,0,4-5,bfs,1,57,9,25,0.1452
8,26,hp40,40,0,4-5,dijkstra,1,49,9,41,0.2698
8,26,hp100_surf,100,1,4-5,dfs,1,101,19,20,0.1616
8,26,hp100_surf,100,1,4-5,bfs,1,44,9,46,0.1823
8,26,hp100_surf,100,1,4-5,dijkstra,1,35,9,57,0.3757
8,27,hp100,100,0,2-2,dfs,1,16,4,5,0.0331
8,27,hp100,100,0,2-2,bfs,1,16,4,5,0.0333
8,27,hp100,100,0,2-2,dijkstra,1,16,4,5,0.0234
8,27,hp40,40,0,2-2,dfs,1,20,4,5,0.0329
8,27,hp40,40,0,2-2,bfs,1,20,4,5,0.0334
8,27,hp40,40,0,2-2,dijkstra,1,20,4,5,0.0229
8,27,hp100_surf,100,1,2-2,dfs,1,154,24,46,0.2597
8,27,hp100_surf,100,1,2-2,bfs,1,32,4,13,0.0552
8,27,hp100_surf,100,1,2-2,dijkstra,1,16,4,14,0.0859
8,27,hp100,100,0,1-0,dfs,1,1,1,2,0.0076
8,27,hp100,100,0,1-0,bfs,1,1,1,2,0.008
8,27,hp100,100,0,1-0,dijkstra,1,1,1,2,0.0046
8,27,hp40,40,0,1-0,dfs,1,1,1,2,0.007
8,27,hp40,40,0,1-0,bfs,1,1,1,2,0.0078
8,27,hp40,40,0,1-0,dijkstra,1,1,1,2,0.0046
8,27,hp100_surf,100,1,1-0,dfs,1,1,1,62,0.1813
8,27,hp100_surf,100,1,1-0,bfs,1,1,1,3,0.012
8,27,hp100_surf,100,1,1-0,dijkstra,1,1,1,2,0.0057
8,27,hp100,100,0,3-1,dfs,1,18,4,6,0.0355
8,27,hp100,100,0,3-1,bfs,1,18,4,6,0.0365
8,27,hp100,100,0,3-1,dijkstra,1,18,4,6,0.0273
8,27,hp40,40,0,3-1,dfs,1,24,4,6,0.0352
8,27,hp40,40,0,3-1,bfs,1,24,4,6,0.0351
8,27,hp40,40,0,3-1,dijkstra,1,24,4,6,0.0271
8,27,hp100_surf,100,1,3-1,dfs,1,193,34,35,0.2999
8,27,hp100_surf,100,1,3-1,bfs,1,33,4,14,0.0621
8,27,hp100_surf,100,1,3-1,dijkstra,1,12,4,6,0.0398
8,28,hp100,100,0,4-5,dfs,1,29,15,22,0.1632
8,28,hp100,100,0,4-5,bfs,1,13,9,22,0.1384
8,28,hp100,100,0,4-5,dijkstra,1,13,9,14,0.1591
8,28,hp40,40,0,4-5,dfs,1,43,15,22,0.3242
8,28,hp40,40,0,4-5,bfs,1,17,9,22,0.2376
8,28,hp40,40,0,4-5,dijkstra,1,17,9,13,0.1481
8,28,hp100_surf,100,1,4-5,dfs,1,71,19,20,0.3015
8,28,hp100_surf,100,1,4-5,bfs,1,16,9,44,0.3221
8,28,hp100_surf,100,1,4-5,dijkstra,1,13,9,17,0.1997
8,28,hp100,100,0,2-5,dfs,1,11,7,36,0.2898
8,28,hp100,100,0,2-5,bfs,1,11,7,13,0.1394
8,28,hp100,100,0,2-5,dijkstra,1,11,7,10,0.1013
8,28,hp40,40,0,2-5,dfs,1,15,7,36,0.2934
8,28,hp40,40,0,2-5,bfs,1,15,7,13,0.0776
8,28,hp40,40,0,2-5,dijkstra,1,15,7,10,0.0603
8,28,hp100_surf,100,1,2-5,dfs,1,73,21,22,0.1752
8,28,hp100_surf,100,1,2-5,bfs,1,14,7,28,0.1108
8,28,hp100_surf,100,1,2-5,dijkstra,1,11,7,13,0.0754
8,28,hp100,100,0,3-4,dfs,1,31,15,33,0.1769
8,28,hp100,100,0,3-4,bfs,1,33,7,14,0.0729
8,28,hp100,100,0,3-4,dijkstra,1,15,9,16,0.0968
8,28,hp40,40,0,3-4,dfs,1,47,15,33,0.1776
8,28,hp40,40,0,3-4,bfs,1,39,7,14,0.0742
8,28,hp40,40,0,3-4,dijkstra,1,21,9,16,0.0927
8,28,hp100_surf,100,1,3-4,dfs,1,75,21,47,0.2584
8,28,hp100_surf,100,1,3-4,bfs,1,25,7,29,0.1202
8,28,hp100_surf,100,1,3-4,dijkstra,1,15,9,22,0.1412
8,29,hp100,100,0,1-2,dfs,1,3,3,4,0.0214
8,29,hp100,100,0,1-2,bfs,1,3,3,4,0.0217
8,29,hp100,100,0,1-2,dijkstra,1,3,3,4,0.0141
8,29,hp40,40,0,1-2,dfs,1,3,3,4,0.0212
8,29,hp40,40,0,1-2,bfs,1,3,3,4,0.0216
8,29,hp40,40,0,1-2,dijkstra,1,3,3,4,0.0141
8,29,hp100_surf,100,1,1-2,dfs,1,6,3,61,0.1916
8,29,hp100_surf,100,1,1-2,bfs,1,6,3,8,0.0331
8,29,hp100_surf,100,1,1-2,dijkstra,1,3,3,4,0.0181
8,29,hp100,100,0,1-1,dfs,1,2,2,3,0.014
8,29,hp100,100,0,1-1,bfs,1,2,2,3,0.0146
8,29,hp100,100,0,1-1,dijkstra,1,2,2,3,0.0093
8,29,hp40,40,0,1-1,dfs,1,2,2,3,0.0136
8,29,hp40,40,0,1-1,bfs,1,2,2,3,0.0142
8,29,hp40,40,0,1-1,dijkstra,1,2,2,3,0.0091
8,29,hp100_surf,100,1,1-1,dfs,1,2,2,62,0.1881
8,29,hp100_surf,100,1,1-1,bfs,1,2,2,5,0.0212
8,29,hp100_surf,100,1,1-1,dijkstra,1,2,2,3,0.0118
8,29,hp100,100,0,0-1,dfs,1,1,1,2,0.0073
8,29,hp100,100,0,0-1,bfs,1,1,1,2,0.0083
8,29,hp100,100,0,0-1,dijkstra,1,1,1,2,0.0047
8,29,hp40,40,0,0-1,dfs,1,1,1,2,0.0072
8,29,hp40,40,0,0-1,bfs,1,1,1,2,0.0078
8,29,hp40,40,0,0-1,dijkstra,1,1,1,2,0.0047
8,29,hp100_surf,100,1,0-1,dfs,1,1,1,2,0.0082
8,29,hp100_surf,100,1,0-1,bfs,1,1,1,2,0.0085
8,29,hp100_surf,100,1,0-1,dijkstra,1,1,1,2,0.0058
15,1,hp100,100,0,0-1,dfs,1,3,1,2,0.0165
15,1,hp100,100,0,0-1,bfs,1,3,1,2,0.0114
15,1,hp100,100,0,0-1,dijkstra,1,3,1,3,0.0105
15,1,hp40,40,0,0-1,dfs,1,5,1,2,0.0096
15,1,hp40,40,0,0-1,bfs,1,5,1,2,0.0099
15,1,hp40,40,0,0-1,dijkstra,1,5,1,3,0.0103
15,1,hp100_surf,100,1,0-1,dfs,1,3,1,2,0.0091
15,1,hp100_surf,100,1,0-1,bfs,1,3,1,2,0.0097
15,1,hp100_surf,100,1,0-1,dijkstra,1,3,1,3,0.0125
15,1,hp100,100,0,1-0,dfs,1,1,1,3,0.0115
15,1,hp100,100,0,1-0,bfs,1,1,1,3,0.0121
15,1,hp100,100,0,1-0,dijkstra,1,1,1,2,0.0069
15,1,hp40,40,0,1-0,dfs,1,1,1,3,0.0114
15,1,hp40,40,0,1-0,bfs,1,1,1,3,0.012
15,1,hp40,40,0,1-0,dijkstra,1,1,1,2,0.0069
15,1,hp100_surf,100,1,1-0,dfs,1,1,1,221,0.7301
15,1,hp100_surf,100,1,1-0,bfs,1,1,1,3,0.0128
15,1,hp100_surf,100,1,1-0,dijkstra,1,1,1,2,0.0067
15,2,hp100,100,0,11-3,dfs,1,252,60,107,0.7262
15,2,hp100,100,0,11-3,bfs,1,86,18,85,0.3502
15,2,hp100,100,0,11-3,dijkstra,1,84,20,104,0.6501
15,2,hp40,40,0,11-3,dfs,1,312,60,107,0.7484
15,2,hp40,40,0,11-3,bfs,1,110,18,85,0.3668
15,2,hp40,40,0,11-3,dijkstra,1,108,20,107,0.6965
15,2,hp100_surf,100,1,11-3,dfs,1,460,90,96,0.8411
15,2,hp100_surf,100,1,11-3,bfs,1,70,14,116,0.4133
15,2,hp100_surf,100,1,11-3,dijkstra,1,40,14,77,0.5473
15,2,hp100,100,0,12-12,dfs,1,100,32,133,0.6502
15,2,hp100,100,0,12-12,bfs,1,114,28,142,0.5865
15,2,hp100,100,0,12-12,dijkstra,1,96,30,128,0.7955
15,2,hp40,40,0,12-12,dfs,1,132,32,133,0.629
15,2,hp40,40,0,12-12,bfs,1,144,28,142,0.5939
15,2,hp40,40,0,12-12,dijkstra,1,122,30,131,0.8257
15,2,hp100_surf,100,1,12-12,dfs,1,164,32,33,0.2507
15,2,hp100_surf,100,1,12-12,bfs,1,121,24,207,0.7119
15,2,hp100_surf,100,1,12-12,dijkstra,1,59,24,181,1.4204
15,2,hp100,100,0,10-14,dfs,1,80,28,44,0.298
15,2,hp100,100,0,10-14,bfs,1,86,26,131,0.5344
15,2,hp100,100,0,10-14,dijkstra,1,78,28,89,0.6167
15,2,hp40,40,0,10-14,dfs,1,108,28,44,0.2972
15,2,hp40,40,0,10-14,bfs,1,114,26,131,0.5231
15,2,hp40,40,0,10-14,dijkstra,1,104,28,97,0.6229
15,2,hp100_surf,100,1,10-14,dfs,1,151,24,25,0.1933
15,2,hp100_surf,100,1,10-14,bfs,1,151,24,205,0.7365
15,2,hp100_surf,100,1,10-14,dijkstra,1,60,24,187,1.2648
15,3,hp100,100,0,11-11,dfs,1,162,36,138,0.6719
15,3,hp100,100,0,11-11,bfs,1,98,24,137,0.5571
15,3,hp100,100,0,11-11,dijkstra,1,94,24,118,0.7467
15,3,hp40,40,0,11-11,dfs,1,192,36,138,0.6471
15,3,hp40,40,0,11-11,bfs,1,116,24,137,0.5371
15,3,hp40,40,0,11-11,dijkstra,1,116,24,124,0.8872
15,3,hp100_surf,100,1,11-11,dfs,1,129,34,192,0.8119
15,3,hp100_surf,100,1,11-11,bfs,1,65,22,196,0.8475
15,3,hp100_surf,100,1,11-11,dijkstra,1,54,22,170,2.1352
15,3,hp100,100,0,4-1,dfs,1,41,7,11,0.1148
15,3,hp100,100,0,4-1,bfs,1,41,7,12,0.1181
15,3,hp100,100,0,4-1,dijkstra,1,41,7,12,0.1117
15,3,hp40,40,0,4-1,dfs,1,47,7,11,0.13
15,3,hp40,40,0,4-1,bfs,1,47,7,12,0.1345
15,3,hp40,40,0,4-1,dijkstra,1,47,7,12,0.1142
15,3,hp100_surf,100,1,4-1,dfs,1,480,103,104,1.0939
15,3,hp100_surf,100,1,4-1,bfs,1,22,5,20,0.0875
15,3,hp100_surf,100,1,4-1,dijkstra,1,22,5,16,0.1132
15,3,hp100,100,0,9-10,dfs,1,223,49,76,0.5243
15,3,hp100,100,0,9-10,bfs,1,91,21,108,0.4442
15,3,hp100,100,0,9-10,dijkstra,1,91,21,103,0.6614
15,3,hp40,40,0,9-10,dfs,1,269,49,76,0.5266
15,3,hp40,40,0,9-10,bfs,1,113,21,108,0.454
15,3,hp40,40,0,9-10,dijkstra,1,113,21,112,0.7594
15,3,hp100_surf,100,1,9-10,dfs,1,215,51,52,0.4529
15,3,hp100_surf,100,1,9-10,bfs,1,73,19,170,0.5756
15,3,hp100_surf,100,1,9-10,dijkstra,1,51,19,150,1.0388
15,4,hp100,100,0,4-8,dfs,1,50,14,44,0.2129
15,4,hp100,100,0,4-8,bfs,1,26,12,40,0.1801
15,4,hp100,100,0,4-8,dijkstra,1,26,12,26,0.1784
15,4,hp40,40,0,4-8,dfs,1,66,14,44,0.2126
15,4,hp40,40,0,4-8,bfs,1,40,12,40,0.1827
15,4,hp40,40,0,4-8,dijkstra,1,40,12,31,0.1886
15,4,hp100_surf,100,1,4-8,dfs,1,324,68,69,0.6106
15,4,hp100_surf,100,1,4-8,bfs,1,64,12,80,0.2854
15,4,hp100_surf,100,1,4-8,dijkstra,1,26,12,43,0.3728
15,4,hp100,100,0,0-5,dfs,1,47,13,19,0.1274
15,4,hp100,100,0,0-5,bfs,1,47,13,43,0.2179
15,4,hp100,100,0,0-5,dijkstra,1,47,13,55,0.341
15,4,hp40,40,0,0-5,dfs,1,61,13,19,0.1472
15,4,hp40,40,0,0-5,bfs,1,61,13,43,0.196
15,4,hp40,40,0,0-5,dijkstra,1,61,13,56,0.3722
15,4,hp100_surf,100,1,0-5,dfs,1,22,5,6,0.0456
15,4,hp100_surf,100,1,0-5,bfs,1,22,5,16,0.0691
15,4,hp100_surf,100,1,0-5,dijkstra,1,22,5,35,0.2321
15,4,hp100,100,0,13-7,dfs,1,134,36,83,0.4969
15,4,hp100,100,0,13-7,bfs,1,106,28,111,0.5728
15,4,hp100,100,0,13-7,dijkstra,1,104,30,111,0.6965
15,4,hp40,40,0,13-7,dfs,1,172,36,83,0.4819
15,4,hp40,40,0,13-7,bfs,1,140,28,111,0.4761
15,4,hp40,40,0,13-7,dijkstra,1,138,30,112,0.6939
15,4,hp100_surf,100,1,13-7,dfs,1,308,60,171,0.8945
15,4,hp100_surf,100,1,13-7,bfs,1,84,20,185,0.643
15,4,hp100_surf,100,1,13-7,dijkstra,1,48,22,150,1.3238
15,7,hp100,100,0,13-3,dfs,1,180,38,109,1.1054
15,7,hp100,100,0,13-3,bfs,1,96,16,89,0.4383
15,7,hp100,100,0,13-3,dijkstra,1,72,18,103,0.7007
15,7,hp40,40,0,13-3,dfs,1,230,38,109,0.5814
15,7,hp40,40,0,13-3,bfs,1,112,16,89,0.3559
15,7,hp40,40,0,13-3,dijkstra,1,94,18,104,0.6792
15,7,hp100_surf,100,1,13-3,dfs,1,453,88,92,0.8659
15,7,hp100_surf,100,1,13-3,bfs,1,93,16,143,0.4941
15,7,hp100_surf,100,1,13-3,dijkstra,1,66,18,206,1.4289
15,7,hp100,100,0,12-9,dfs,1,137,31,81,0.4407
15,7,hp100,100,0,12-9,bfs,1,87,21,118,0.5165
15,7,hp100,100,0,12-9,dijkstra,1,87,21,116,0.7479
15,7,hp40,40,0,12-9,dfs,1,171,31,81,0.4662
15,7,hp40,40,0,12-9,bfs,1,109,21,118,0.4693
15,7,hp40,40,0,12-9,dijkstra,1,109,21,120,0.7674
15,7,hp100_surf,100,1,12-9,dfs,1,290,55,59,0.6617
15,7,hp100_surf,100,1,12-9,bfs,1,104,21,192,0.6467
15,7,hp100_surf,100,1,12-9,dijkstra,1,57,23,181,1.2864
15,7,hp100,100,0,11-11,dfs,1,162,32,79,0.4214
15,7,hp100,100,0,11-11,bfs,1,112,22,124,0.5021
15,7,hp100,100,0,11-11,dijkstra,1,112,22,141,1.0005
15,7,hp40,40,0,11-11,dfs,1,200,32,79,0.4422
15,7,hp40,40,0,11-11,bfs,1,138,22,124,0.5368
15,7,hp40,40,0,11-11,dijkstra,1,138,22,142,0.9229
15,7,hp100_surf,100,1,11-11,dfs,1,181,34,37,0.3926
15,7,hp100_surf,100,1,11-11,bfs,1,113,22,198,0.7382
15,7,hp100_surf,100,1,11-11,dijkstra,1,61,22,197,1.4274
15,10,hp100,100,0,2-4,dfs,1,48,6,8,0.0641
15,10,hp100,100,0,2-4,bfs,1,48,6,13,0.0712
15,10,hp100,100,0,2-4,dijkstra,1,48,6,12,0.0696
15,10,hp40,40,0,2-4,dfs,1,54,6,8,0.0587
15,10,hp40,40,0,2-4,bfs,1,54,6,13,0.0764
15,10,hp40,40,0,2-4,dijkstra,1,54,6,12,0.0709
15,10,hp100_surf,100,1,2-4,dfs,1,430,74,156,1.0055
15,10,hp100_surf,100,1,2-4,bfs,1,39,6,23,0.1019
15,10,hp100_surf,100,1,2-4,dijkstra,1,32,6,45,0.3092
15,10,hp100,100,0,11-4,dfs,1,119,25,32,0.2375
15,10,hp100,100,0,11-4,bfs,1,93,17,49,0.2315
15,10,hp100,100,0,11-4,dijkstra,1,91,17,49,0.2883
15,10,hp40,40,0,11-4,dfs,1,141,25,32,0.2388
15,10,hp40,40,0,11-4,bfs,1,117,17,49,0.2302
15,10,hp40,40,0,11-4,dijkstra,1,113,17,50,0.2965
15,10,hp100_surf,100,1,11-4,dfs,1,508,91,93,0.8792
15,10,hp100_surf,100,1,11-4,bfs,1,64,15,127,0.4744
15,10,hp100_surf,100,1,11-4,dijkstra,1,46,15,103,0.6889
15,10,hp100,100,0,7-3,dfs,1,88,14,21,0.1407
15,10,hp100,100,0,7-3,bfs,1,84,12,37,0.1724
15,10,hp100,100,0,7-3,dijkstra,1,82,12,39,0.2312
15,10,hp40,40,0,7-3,dfs,1,98,14,21,0.144
15,10,hp40,40,0,7-3,bfs,1,96,12,37,0.1717
15,10,hp40,40,0,7-3,dijkstra,1,96,12,38,0.2319
15,10,hp100_surf,100,1,7-3,dfs,1,531,96,98,0.8821
15,10,hp100_surf,100,1,7-3,bfs,1,53,10,62,0.2505
15,10,hp100_surf,100,1,7-3,dijkstra,1,44,12,88,0.5994
15,12,hp100,100,0,1-1,dfs,1,2,2,5,0.0238
15,12,hp100,100,0,1-1,bfs,1,2,2,5,0.0244
15,12,hp100,100,0,1-1,dijkstra,1,2,2,3,0.0132
15,12,hp40,40,0,1-1,dfs,1,2,2,5,0.0236
15,12,hp40,40,0,1-1,bfs,1,2,2,5,0.0239
15,12,hp40,40,0,1-1,dijkstra,1,2,2,3,0.0131
15,12,hp100_surf,100,1,1-1,dfs,1,2,2,218,0.6937
15,12,hp100_surf,100,1,1-1,bfs,1,2,2,5,0.0235
15,12,hp100_surf,100,1,1-1,dijkstra,1,2,2,3,0.0129
15,12,hp100,100,0,2-0,dfs,1,4,2,7,0.0367
15,12,hp100,100,0,2-0,bfs,1,4,2,6,0.0275
15,12,hp100,100,0,2-0,dijkstra,1,4,2,6,0.0313
15,12,hp40,40,0,2-0,dfs,1,6,2,7,0.0293
15,12,hp40,40,0,2-0,bfs,1,6,2,6,0.0257
15,12,hp40,40,0,2-0,dijkstra,1,6,2,6,0.0306
15,12,hp100_surf,100,1,2-0,dfs,1,557,104,114,0.9976
15,12,hp100_surf,100,1,2-0,bfs,1,4,2,6,0.0258
15,12,hp100_surf,100,1,2-0,dijkstra,1,4,2,6,0.0311
15,12,hp100,100,0,0-1,dfs,1,1,1,2,0.0096
15,12,hp100,100,0,0-1,bfs,1,1,1,2,0.01
15,12,hp100,100,0,0-1,dijkstra,1,1,1,2,0.009
15,12,hp40,40,0,0-1,dfs,1,1,1,2,0.0092
15,12,hp40,40,0,0-1,bfs,1,1,1,2,0.01
15,12,hp40,40,0,0-1,dijkstra,1,1,1,2,0.0067
15,12,hp100_surf,100,1,0-1,dfs,1,1,1,2,0.0088
15,12,hp100_surf,100,1,0-1,bfs,1,1,1,2,0.0094
15,12,hp100_surf,100,1,0-1,dijkstra,1,1,1,2,0.0068
15,13,hp100,100,0,6-5,dfs,1,119,37,49,0.369
15,13,hp100,100,0,6-5,bfs,1,105,29,73,0.3808
15,13,hp100,100,0,6-5,dijkstra,1,103,29,73,0.4559
15,13,hp40,40,0,6-5,dfs,1,157,37,49,0.3816
15,13,hp40,40,0,6-5,bfs,1,137,29,73,0.4498
15,13,hp40,40,0,6-5,dijkstra,1,133,29,75,0.4337
15,13,hp100_surf,100,1,6-5,dfs,1,345,79,81,0.7246
15,13,hp100_surf,100,1,6-5,bfs,1,31,11,72,0.2613
15,13,hp100_surf,100,1,6-5,dijkstra,1,22,11,48,0.3033
15,13,hp100,100,0,14-0,dfs,1,80,26,134,0.5419
15,13,hp100,100,0,14-0,bfs,1,56,16,46,0.2065
15,13,hp100,100,0,14-0,dijkstra,1,56,16,46,0.268
15,13,hp40,40,0,14-0,dfs,1,102,26,134,0.6355
15,13,hp40,40,0,14-0,bfs,1,72,16,46,0.2806
15,13,hp40,40,0,14-0,dijkstra,1,72,16,46,0.3542
15,13,hp100_surf,100,1,14-0,dfs,1,528,116,119,1.072
15,13,hp100_surf,100,1,14-0,bfs,1,62,14,119,0.3964
15,13,hp100_surf,100,1,14-0,dijkstra,1,51,16,189,1.4052
15,13,hp100,100,0,6-9,dfs,1,181,47,123,0.7084
15,13,hp100,100,0,6-9,bfs,1,129,35,107,0.54
15,13,hp100,100,0,6-9,dijkstra,1,127,35,101,0.5963
15,13,hp40,40,0,6-9,dfs,1,231,47,123,0.7633
15,13,hp40,40,0,6-9,bfs,1,171,35,107,0.5538
15,13,hp40,40,0,6-9,dijkstra,1,165,37,106,0.6536
15,13,hp100_surf,100,1,6-9,dfs,1,231,49,51,0.419
15,13,hp100_surf,100,1,6-9,bfs,1,58,15,125,0.4302
15,13,hp100_surf,100,1,6-9,dijkstra,1,39,15,116,0.7819
15,14,hp100,100,0,0-2,dfs,1,4,2,3,0.0152
15,14,hp100,100,0,0-2,bfs,1,4,2,3,0.0152
15,14,hp100,100,0,0-2,dijkstra,1,4,2,3,0.0106
15,14,hp40,40,0,0-2,dfs,1,6,2,3,0.0141
15,14,hp40,40,0,0-2,bfs,1,6,2,3,0.0149
15,14,hp40,40,0,0-2,dijkstra,1,6,2,3,0.0101
15,14,hp100_surf,100,1,0-2,dfs,1,4,2,3,0.0157
15,14,hp100_surf,100,1,0-2,bfs,1,4,2,4,0.0188
15,14,hp100_surf,100,1,0-2,dijkstra,1,4,2,4,0.0171
15,14,hp100,100,0,0-1,dfs,1,1,1,2,0.0068
15,14,hp100,100,0,0-1,bfs,1,1,1,2,0.0076
15,14,hp100,100,0,0-1,dijkstra,1,1,1,2,0.0048
15,14,hp40,40,0,0-1,dfs,1,1,1,2,0.007
15,14,hp40,40,0,0-1,bfs,1,1,1,2,0.0074
15,14,hp40,40,0,0-1,dijkstra,1,1,1,2,0.0047
15,14,hp100_surf,100,1,0-1,dfs,1,1,1,2,0.0076
15,14,hp100_surf,100,1,0-1,bfs,1,1,1,2,0.0082
15,14,hp100_surf,100,1,0-1,dijkstra,1,1,1,2,0.0055
15,15,hp100,100,0,0-1,dfs,1,1,1,2,0.007
15,15,hp100,100,0,0-1,bfs,1,1,1,2,0.0075
15,15,hp100,100,0,0-1,dijkstra,1,1,1,2,0.0045
15,15,hp40,40,0,0-1,dfs,1,1,1,2,0.0067
15,15,hp40,40,0,0-1,bfs,1,1,1,2,0.0074
15,15,hp40,40,0,0-1,dijkstra,1,1,1,2,0.0044
15,15,hp100_surf,100,1,0-1,dfs,1,1,1,2,0.0091
15,15,hp100_surf,100,1,0-1,bfs,1,1,1,2,0.0094
15,15,hp100_surf,100,1,0-1,dijkstra,1,1,1,2,0.0061
15,17,hp100,100,0,1-0,dfs,1,1,1,2,0.0068
15,17,hp100,100,0,1-0,bfs,1,1,1,2,0.0074
15,17,hp100,100,0,1-0,dijkstra,1,1,1,2,0.0046
15,17,hp40,40,0,1-0,dfs,1,1,1,2,0.0068
15,17,hp40,40,0,1-0,bfs,1,1,1,2,0.0073
15,17,hp40,40,0,1-0,dijkstra,1,1,1,2,0.0045
15,17,hp100_surf,100,1,1-0,dfs,1,1,1,216,0.6693
15,17,hp100_surf,100,1,1-0,bfs,1,1,1,3,0.0109
15,17,hp100_surf,100,1,1-0,dijkstra,1,1,1,2,0.0063
15,19,hp100,100,0,7-1,dfs,1,156,32,80,0.4326
15,19,hp100,100,0,7-1,bfs,1,38,8,33,0.1448
15,19,hp100,100,0,7-1,dijkstra,1,38,8,40,0.3417
15,19,hp40,40,0,7-1,dfs,1,200,32,80,0.4312
15,19,hp40,40,0,7-1,bfs,1,44,8,33,0.1394
15,19,hp40,40,0,7-1,dijkstra,1,44,8,37,0.2171
15,19,hp100_surf,100,1,7-1,dfs,1,524,106,133,1.0308
15,19,hp100_surf,100,1,7-1,bfs,1,33,8,44,0.1611
15,19,hp100_surf,100,1,7-1,dijkstra,1,33,8,74,0.4958
15,19,hp100,100,0,1-6,dfs,1,31,7,8,0.0576
15,19,hp100,100,0,1-6,bfs,1,31,7,24,0.1056
15,19,hp100,100,0,1-6,dijkstra,1,31,7,33,0.2191
15,19,hp40,40,0,1-6,dfs,1,39,7,8,0.0588
15,19,hp40,40,0,1-6,bfs,1,39,7,24,0.1022
15,19,hp40,40,0,1-6,dijkstra,1,39,7,34,0.2286
15,19,hp100_surf,100,1,1-6,dfs,1,36,7,217,0.9413
15,19,hp100_surf,100,1,1-6,bfs,1,36,7,30,0.1155
15,19,hp100_surf,100,1,1-6,dijkstra,1,27,9,53,0.3515
15,19,hp100,100,0,3-0,dfs,1,13,3,95,0.3085
15,19,hp100,100,0,3-0,bfs,1,13,3,8,0.0359
15,19,hp100,100,0,3-0,dijkstra,1,13,3,11,0.0558
15,19,hp40,40,0,3-0,dfs,1,15,3,95,0.3081
15,19,hp40,40,0,3-0,bfs,1,15,3,8,0.0348
15,19,hp40,40,0,3-0,dijkstra,1,15,3,10,0.0506
15,19,hp100_surf,100,1,3-0,dfs,1,622,123,126,1.1324
15,19,hp100_surf,100,1,3-0,bfs,1,13,3,10,0.0412
15,19,hp100_surf,100,1,3-0,dijkstra,1,12,5,19,0.1202
15,20,hp100,100,0,1-7,dfs,1,44,8,9,0.1222
15,20,hp100,100,0,1-7,bfs,1,44,8,22,0.107
15,20,hp100,100,0,1-7,dijkstra,1,38,10,29,0.1846
15,20,hp40,40,0,1-7,dfs,1,56,8,9,0.07
15,20,hp40,40,0,1-7,bfs,1,56,8,22,0.129
15,20,hp40,40,0,1-7,dijkstra,1,50,10,29,0.3134
15,20,hp100_surf,100,1,1-7,dfs,1,45,8,208,0.8054
15,20,hp100_surf,100,1,1-7,bfs,1,45,8,37,0.1434
15,20,hp100_surf,100,1,1-7,dijkstra,1,33,12,60,0.4051
15,20,hp100,100,0,5-2,dfs,1,153,41,137,0.6698
15,20,hp100,100,0,5-2,bfs,1,33,9,32,0.153
15,20,hp100,100,0,5-2,dijkstra,1,33,9,20,0.1524
15,20,hp40,40,0,5-2,dfs,1,201,41,137,0.816
15,20,hp40,40,0,5-2,bfs,1,41,9,32,0.16
15,20,hp40,40,0,5-2,dijkstra,1,41,9,21,0.1367
15,20,hp100_surf,100,1,5-2,dfs,1,540,93,134,1.0643
15,20,hp100_surf,100,1,5-2,bfs,1,30,7,34,0.166
15,20,hp100_surf,100,1,5-2,dijkstra,1,19,7,17,0.1077
15,20,hp100,100,0,9-6,dfs,1,93,19,82,0.3571
15,20,hp100,100,0,9-6,bfs,1,81,15,76,0.3453
15,20,hp100,100,0,9-6,dijkstra,1,63,19,78,0.5125
15,20,hp40,40,0,9-6,dfs,1,119,19,82,0.3695
15,20,hp40,40,0,9-6,bfs,1,99,15,76,0.3035
15,20,hp40,40,0,9-6,dijkstra,1,81,17,75,0.4955
15,20,hp100_surf,100,1,9-6,dfs,1,386,61,160,0.8443
15,20,hp100_surf,100,1,9-6,bfs,1,71,15,125,0.4655
15,20,hp100_surf,100,1,9-6,dijkstra,1,39,15,85,0.5836
15,21,hp100,100,0,1-0,dfs,1,3,1,2,0.0082
15,21,hp100,100,0,1-0,bfs,1,3,1,2,0.0085
15,21,hp100,100,0,1-0,dijkstra,1,3,1,2,0.0053
15,21,hp40,40,0,1-0,dfs,1,5,1,2,0.0076
15,21,hp40,40,0,1-0,bfs,1,5,1,2,0.0082
15,21,hp40,40,0,1-0,dijkstra,1,5,1,2,0.0052
15,21,hp100_surf,100,1,1-0,dfs,1,3,1,222,0.6814
15,21,hp100_surf,100,1,1-0,bfs,1,3,1,3,0.012
15,21,hp100_surf,100,1,1-0,dijkstra,1,3,1,2,0.0068
15,22,hp100,100,0,9-14,dfs,1,105,31,45,0.3024
15,22,hp100,100,0,9-14,bfs,1,77,23,110,0.4454
15,22,hp100,100,0,9-14,dijkstra,1,71,25,87,0.537
15,22,hp40,40,0,9-14,dfs,1,131,31,45,0.3069
15,22,hp40,40,0,9-14,bfs,1,99,23,110,0.4554
15,22,hp40,40,0,9-14,dijkstra,1,95,23,94,0.58
15,22,hp100_surf,100,1,9-14,dfs,1,88,23,24,0.1761
15,22,hp100_surf,100,1,9-14,bfs,1,88,23,201,0.6473
15,22,hp100_surf,100,1,9-14,dijkstra,1,55,23,179,1.5185
15,22,hp100,100,0,6-14,dfs,1,64,22,34,0.2156
15,22,hp100,100,0,6-14,bfs,1,64,22,102,0.4124
15,22,hp100,100,0,6-14,dijkstra,1,58,24,71,0.4238
15,22,hp40,40,0,6-14,dfs,1,78,22,34,0.2222
15,22,hp40,40,0,6-14,bfs,1,78,22,102,0.4321
15,22,hp40,40,0,6-14,dijkstra,1,74,22,72,0.4205
15,22,hp100_surf,100,1,6-14,dfs,1,78,20,21,0.1493
15,22,hp100_surf,100,1,6-14,bfs,1,78,20,177,0.5679
15,22,hp100_surf,100,1,6-14,dijkstra,1,45,20,128,0.9745
15,22,hp100,100,0,5-4,dfs,1,39,9,120,0.453
15,22,hp100,100,0,5-4,bfs,1,39,9,28,0.1273
15,22,hp100,100,0,5-4,dijkstra,1,29,9,30,0.1805
15,22,hp40,40,0,5-4,dfs,1,41,9,120,0.4265
15,22,hp40,40,0,5-4,bfs,1,41,9,28,0.1315
15,22,hp40,40,0,5-4,dijkstra,1,33,9,29,0.1783
15,22,hp100_surf,100,1,5-4,dfs,1,405,77,86,0.7424
15,22,hp100_surf,100,1,5-4,bfs,1,46,9,48,0.1739
15,22,hp100_surf,100,1,5-4,dijkstra,1,29,9,52,0.3529
15,24,hp100,100,0,11-4,dfs,1,239,47,120,0.6938
15,24,hp100,100,0,11-4,bfs,1,73,17,54,0.2439
15,24,hp100,100,0,11-4,dijkstra,1,53,17,49,0.3127
15,24,hp40,40,0,11-4,dfs,1,287,47,120,0.632
15,24,hp40,40,0,11-4,bfs,1,89,17,54,0.2399
15,24,hp40,40,0,11-4,dijkstra,1,69,17,48,0.2953
15,24,hp100_surf,100,1,11-4,dfs,1,443,89,147,1.0043
15,24,hp100_surf,100,1,11-4,bfs,1,55,15,129,0.4244
15,24,hp100_surf,100,1,11-4,dijkstra,1,40,15,107,0.7137
15,24,hp100,100,0,2-12,dfs,1,88,16,18,0.13
15,24,hp100,100,0,2-12,bfs,1,88,16,45,0.2006
15,24,hp100,100,0,2-12,dijkstra,1,70,18,84,0.5008
15,24,hp40,40,0,2-12,dfs,1,104,16,18,0.1297
15,24,hp40,40,0,2-12,bfs,1,104,16,45,0.2022
15,24,hp40,40,0,2-12,dijkstra,1,90,18,85,0.5184
15,24,hp100_surf,100,1,2-12,dfs,1,276,48,49,0.4043
15,24,hp100_surf,100,1,2-12,bfs,1,87,14,107,0.4177
15,24,hp100_surf,100,1,2-12,dijkstra,1,53,18,172,1.1383
15,24,hp100,100,0,6-1,dfs,1,257,51,113,0.6668
15,24,hp100,100,0,6-1,bfs,1,79,17,58,0.2515
15,24,hp100,100,0,6-1,dijkstra,1,59,17,62,0.3841
15,24,hp40,40,0,6-1,dfs,1,307,51,113,0.6517
15,24,hp40,40,0,6-1,bfs,1,97,17,58,0.308
15,24,hp40,40,0,6-1,dijkstra,1,77,17,63,0.391
15,24,hp100_surf,100,1,6-1,dfs,1,573,105,136,1.4963
15,24,hp100_surf,100,1,6-1,bfs,1,23,7,34,0.1279
15,24,hp100_surf,100,1,6-1,dijkstra,1,23,7,36,0.2368
15,25,hp100,100,0,1-1,dfs,1,4,2,3,0.0152
15,25,hp100,100,0,1-1,bfs,1,4,2,3,0.015
15,25,hp100,100,0,1-1,dijkstra,1,4,2,3,0.0097
15,25,hp40,40,0,1-1,dfs,1,6,2,3,0.0145
15,25,hp40,40,0,1-1,bfs,1,6,2,3,0.015
15,25,hp40,40,0,1-1,dijkstra,1,6,2,3,0.01
15,25,hp100_surf,100,1,1-1,dfs,1,4,2,220,0.6761
15,25,hp100_surf,100,1,1-1,bfs,1,4,2,5,0.0215
15,25,hp100_surf,100,1,1-1,dijkstra,1,4,2,4,0.0165
15,25,hp100,100,0,0-1,dfs,1,3,1,2,0.008
15,25,hp100,100,0,0-1,bfs,1,3,1,2,0.0085
15,25,hp100,100,0,0-1,dijkstra,1,3,1,2,0.0053
15,25,hp40,40,0,0-1,dfs,1,5,1,2,0.0079
15,25,hp40,40,0,0-1,bfs,1,5,1,2,0.0083
15,25,hp40,40,0,0-1,dijkstra,1,5,1,2,0.0052
15,25,hp100_surf,100,1,0-1,dfs,1,3,1,2,0.0088
15,25,hp100_surf,100,1,0-1,bfs,1,3,1,2,0.009
15,25,hp100_surf,100,1,0-1,dijkstra,1,3,1,2,0.0062
15,26,hp100,100,0,14-8,dfs,1,192,36,73,0.411
15,26,hp100,100,0,14-8,bfs,1,78,22,138,0.7766
15,26,hp100,100,0,14-8,dijkstra,1,64,22,117,1.2899
15,26,hp40,40,0,14-8,dfs,1,228,36,73,0.7519
15,26,hp40,40,0,14-8,bfs,1,90,22,138,0.9126
15,26,hp40,40,0,14-8,dijkstra,1,70,22,116,1.397
15,26,hp100_surf,100,1,14-8,dfs,1,348,58,59,0.6192
15,26,hp100_surf,100,1,14-8,bfs,1,120,22,204,0.6701
15,26,hp100_surf,100,1,14-8,dijkstra,1,48,22,170,1.1204
15,26,hp100,100,0,14-2,dfs,1,260,52,134,0.8076
15,26,hp100,100,0,14-2,bfs,1,76,22,140,0.5293
15,26,hp100,100,0,14-2,dijkstra,1,64,26,118,0.7277
15,26,hp40,40,0,14-2,dfs,1,308,52,134,1.2549
15,26,hp40,40,0,14-2,bfs,1,98,22,140,0.6068
15,26,hp40,40,0,14-2,dijkstra,1,74,26,121,0.7387
15,26,hp100_surf,100,1,14-2,dfs,1,656,112,113,1.5383
15,26,hp100_surf,100,1,14-2,bfs,1,54,16,147,0.5212
15,26,hp100_surf,100,1,14-2,dijkstra,1,40,16,128,0.9004
15,26,hp100,100,0,3-11,dfs,1,96,18,44,0.2383
15,26,hp100,100,0,3-11,bfs,1,96,18,91,0.4615
15,26,hp100,100,0,3-11,dijkstra,1,74,18,130,0.824
15,26,hp40,40,0,3-11,dfs,1,110,18,44,0.2307
15,26,hp40,40,0,3-11,bfs,1,110,18,91,0.3554
15,26,hp40,40,0,3-11,dijkstra,1,86,18,136,0.8442
15,26,hp100_surf,100,1,3-11,dfs,1,242,42,188,0.8535
15,26,hp100_surf,100,1,3-11,bfs,1,80,14,109,0.358
15,26,hp100_surf,100,1,3-11,dijkstra,1,50,14,175,1.2
15,27,hp100,100,0,1-0,dfs,1,3,1,2,0.0144
15,27,hp100,100,0,1-0,bfs,1,3,1,2,0.0147
15,27,hp100,100,0,1-0,dijkstra,1,3,1,2,0.0089
15,27,hp40,40,0,1-0,dfs,1,5,1,2,0.014
15,27,hp40,40,0,1-0,bfs,1,5,1,2,0.0144
15,27,hp40,40,0,1-0,dijkstra,1,5,1,2,0.0093
15,27,hp100_surf,100,1,1-0,dfs,1,3,1,220,0.7266
15,27,hp100_surf,100,1,1-0,bfs,1,3,1,3,0.0122
15,27,hp100_surf,100,1,1-0,dijkstra,1,3,1,2,0.0066
15,28,hp100,100,0,0-3,dfs,1,5,3,4,0.0226
15,28,hp100,100,0,0-3,bfs,1,5,3,6,0.0286
15,28,hp100,100,0,0-3,dijkstra,1,5,3,7,0.031
15,28,hp40,40,0,0-3,dfs,1,7,3,4,0.0224
15,28,hp40,40,0,0-3,bfs,1,7,3,6,0.032
15,28,hp40,40,0,0-3,dijkstra,1,7,3,7,0.0311
15,28,hp100_surf,100,1,0-3,dfs,1,5,3,4,0.0221
15,28,hp100_surf,100,1,0-3,bfs,1,5,3,6,0.0287
15,28,hp100_surf,100,1,0-3,dijkstra,1,5,3,7,0.0323
15,28,hp100,100,0,12-10,dfs,1,64,24,36,0.2566
15,28,hp100,100,0,12-10,bfs,1,64,24,80,0.3529
15,28,hp100,100,0,12-10,dijkstra,1,52,26,76,0.474
15,28,hp40,40,0,12-10,dfs,1,76,24,36,0.2607
15,28,hp40,40,0,12-10,bfs,1,76,24,80,0.3667
15,28,hp40,40,0,12-10,dijkstra,1,58,26,74,0.5591
15,28,hp100_surf,100,1,12-10,dfs,1,236,54,55,0.4834
15,28,hp100_surf,100,1,12-10,bfs,1,97,22,200,0.7816
15,28,hp100_surf,100,1,12-10,dijkstra,1,34,24,125,0.8702
15,28,hp100,100,0,0-13,dfs,1,129,41,57,0.437
15,28,hp100,100,0,0-13,bfs,1,129,41,137,0.6522
15,28,hp100,100,0,0-13,dijkstra,1,109,43,138,0.9241
15,28,hp40,40,0,0-13,dfs,1,157,41,57,0.4456
15,28,hp40,40,0,0-13,bfs,1,157,41,137,0.6505
15,28,hp40,40,0,0-13,dijkstra,1,131,43,140,0.9608
15,28,hp100_surf,100,1,0-13,dfs,1,39,13,14,0.113
15,28,hp100_surf,100,1,0-13,bfs,1,39,13,91,0.3154
15,28,hp100_surf,100,1,0-13,dijkstra,1,39,13,163,1.1553
15,29,hp100,100,0,0-1,dfs,1,1,1,2,0.008
15,29,hp100,100,0,0-1,bfs,1,1,1,2,0.0083
15,29,hp100,100,0,0-1,dijkstra,1,1,1,2,0.0054
15,29,hp40,40,0,0-1,dfs,1,1,1,2,0.0108
15,29,hp40,40,0,0-1,bfs,1,1,1,2,0.008
15,29,hp40,40,0,0-1,dijkstra,1,1,1,2,0.0046
15,29,hp100_surf,100,1,0-1,dfs,1,1,1,2,0.0136
15,29,hp100_surf,100,1,0-1,bfs,1,1,1,2,0.0085
15,29,hp100_surf,100,1,0-1,dijkstra,1,1,1,2,0.0063
15,29,hp100,100,0,1-1,dfs,1,10,2,3,0.0136
15,29,hp100,100,0,1-1,bfs,1,10,2,3,0.0143
15,29,hp100,100,0,1-1,dijkstra,1,10,2,3,0.0093
15,29,hp40,40,0,1-1,dfs,1,10,2,3,0.0137
15,29,hp40,40,0,1-1,bfs,1,10,2,3,0.0141
15,29,hp40,40,0,1-1,dijkstra,1,10,2,3,0.0093
15,29,hp100_surf,100,1,1-1,dfs,1,10,2,218,0.6931
15,29,hp100_surf,100,1,1-1,bfs,1,10,2,5,0.0211
15,29,hp100_surf,100,1,1-1,dijkstra,1,10,2,9,0.0481
30,1,hp100,100,0,7-6,dfs,1,143,31,41,0.2955
30,1,hp100,100,0,7-6,bfs,1,71,15,48,0.2246
30,1,hp100,100,0,7-6,dijkstra,1,67,17,52,0.315
30,1,hp40,40,0,7-6,dfs,1,171,31,41,0.2865
30,1,hp40,40,0,7-6,bfs,1,87,15,48,0.2211
30,1,hp40,40,0,7-6,dijkstra,1,81,17,47,0.2932
30,1,hp100_surf,100,1,7-6,dfs,1,1800,325,585,6.1981
30,1,hp100_surf,100,1,7-6,bfs,1,93,13,99,0.3476
30,1,hp100_surf,100,1,7-6,dijkstra,1,44,15,95,0.6795
30,1,hp100,100,0,5-4,dfs,1,175,39,51,0.3779
30,1,hp100,100,0,5-4,bfs,1,53,11,21,0.1244
30,1,hp100,100,0,5-4,dijkstra,1,53,11,24,0.1455
30,1,hp40,40,0,5-4,dfs,1,211,39,51,0.3662
30,1,hp40,40,0,5-4,bfs,1,67,11,21,0.1219
30,1,hp40,40,0,5-4,dijkstra,1,67,11,25,0.1506
30,1,hp100_surf,100,1,5-4,dfs,1,2080,383,394,4.3157
30,1,hp100_surf,100,1,5-4,bfs,1,59,9,51,0.1874
30,1,hp100_surf,100,1,5-4,dijkstra,1,30,9,34,0.2353
30,1,hp100,100,0,5-3,dfs,1,172,38,50,0.4498
30,1,hp100,100,0,5-3,bfs,1,50,10,16,0.1122
30,1,hp100,100,0,5-3,dijkstra,1,50,10,17,0.1127
30,1,hp40,40,0,5-3,dfs,1,206,38,50,0.3924
30,1,hp40,40,0,5-3,bfs,1,62,10,16,0.102
30,1,hp40,40,0,5-3,dijkstra,1,62,10,20,0.1176
30,1,hp100_surf,100,1,5-3,dfs,1,2083,384,535,5.3259
30,1,hp100_surf,100,1,5-3,bfs,1,53,8,42,0.2804
30,1,hp100_surf,100,1,5-3,dijkstra,1,27,8,28,0.335
30,3,hp100,100,0,11-3,dfs,1,474,124,409,2.1392
30,3,hp100,100,0,11-3,bfs,1,124,26,161,0.6082
30,3,hp100,100,0,11-3,dijkstra,1,110,28,267,1.7434
30,3,hp40,40,0,11-3,dfs,1,600,124,409,2.2049
30,3,hp40,40,0,11-3,bfs,1,154,26,161,0.6815
30,3,hp40,40,0,11-3,dijkstra,1,142,26,275,1.8429
30,3,hp100_surf,100,1,11-3,dfs,1,1939,394,495,5.0279
30,3,hp100_surf,100,1,11-3,bfs,1,66,14,113,0.3901
30,3,hp100_surf,100,1,11-3,dijkstra,1,41,14,122,0.8253
30,3,hp100,100,0,11-0,dfs,1,483,129,429,2.2741
30,3,hp100,100,0,11-0,bfs,1,131,29,206,0.9743
30,3,hp100,100,0,11-0,dijkstra,1,103,31,237,1.6547
30,3,hp40,40,0,11-0,dfs,1,613,129,429,2.2613
30,3,hp40,40,0,11-0,bfs,1,165,29,206,0.7639
30,3,hp40,40,0,11-0,dijkstra,1,137,29,259,1.9135
30,3,hp100_surf,100,1,11-0,dfs,1,2067,423,475,4.9252
30,3,hp100_surf,100,1,11-0,bfs,1,78,11,75,0.2521
30,3,hp100_surf,100,1,11-0,dijkstra,1,32,15,73,0.5033
30,3,hp100,100,0,14-15,dfs,1,267,75,350,1.6358
30,3,hp100,100,0,14-15,bfs,1,137,31,232,0.8428
30,3,hp100,100,0,14-15,dijkstra,1,113,37,275,1.777
30,3,hp40,40,0,14-15,dfs,1,339,75,350,1.6033
30,3,hp40,40,0,14-15,bfs,1,163,31,232,0.8496
30,3,hp40,40,0,14-15,dijkstra,1,141,41,270,1.8305
30,3,hp100_surf,100,1,14-15,dfs,1,1125,225,652,4.6014
30,3,hp100_surf,100,1,14-15,bfs,1,131,29,438,1.3781
30,3,hp100_surf,100,1,14-15,dijkstra,1,73,29,405,2.8573
30,4,hp100,100,0,25-25,dfs,1,340,76,463,2.1217
30,4,hp100,100,0,25-25,bfs,1,242,54,496,1.7638
30,4,hp100,100,0,25-25,dijkstra,1,218,64,483,3.3714
30,4,hp40,40,0,25-25,dfs,1,424,76,463,3.6692
30,4,hp40,40,0,25-25,bfs,1,306,54,496,1.8274
30,4,hp40,40,0,25-25,dijkstra,1,276,56,482,3.1061
30,4,hp100_surf,100,1,25-25,dfs,1,548,118,120,1.0402
30,4,hp100_surf,100,1,25-25,bfs,1,222,50,843,3.5308
30,4,hp100_surf,100,1,25-25,dijkstra,1,112,50,759,6.8119
30,4,hp100,100,0,3-23,dfs,1,162,38,48,0.7999
30,4,hp100,100,0,3-23,bfs,1,162,38,266,1.6471
30,4,hp100,100,0,3-23,dijkstra,1,146,38,262,1.9382
30,4,hp40,40,0,3-23,dfs,1,214,38,48,0.3883
30,4,hp40,40,0,3-23,bfs,1,214,38,266,1.4721
30,4,hp40,40,0,3-23,dijkstra,1,194,38,278,2.0249
30,4,hp100_surf,100,1,3-23,dfs,1,431,94,791,4.5284
30,4,hp100_surf,100,1,3-23,bfs,1,128,26,345,1.107
30,4,hp100_surf,100,1,3-23,dijkstra,1,78,28,372,2.9357
30,4,hp100,100,0,17-2,dfs,1,789,165,292,2.1322
30,4,hp100,100,0,17-2,bfs,1,129,29,147,0.6873
30,4,hp100,100,0,17-2,dijkstra,1,105,31,133,1.0022
30,4,hp40,40,0,17-2,dfs,1,969,165,292,2.3026
30,4,hp40,40,0,17-2,bfs,1,157,29,147,0.6006
30,4,hp40,40,0,17-2,dijkstra,1,139,31,142,0.9087
30,4,hp100_surf,100,1,17-2,dfs,1,2301,411,496,5.1246
30,4,hp100_surf,100,1,17-2,bfs,1,101,19,201,0.6844
30,4,hp100_surf,100,1,17-2,dijkstra,1,66,27,280,2.0346
30,6,hp100,100,0,16-14,dfs,1,1018,200,337,2.9577
30,6,hp100,100,0,16-14,bfs,1,118,30,247,1.0612
30,6,hp100,100,0,16-14,dijkstra,1,80,30,199,1.4222
30,6,hp40,40,0,16-14,dfs,1,1220,200,337,2.5495
30,6,hp40,40,0,16-14,bfs,1,154,30,247,1.144
30,6,hp40,40,0,16-14,dijkstra,1,114,30,199,1.4533
30,6,hp100_surf,100,1,16-14,dfs,1,1039,210,618,4.5921
30,6,hp100_surf,100,1,16-14,bfs,1,193,30,466,1.517
30,6,hp100_surf,100,1,16-14,dijkstra,1,62,30,288,2.6395
30,6,hp100,100,0,20-19,dfs,1,555,123,508,2.7076
30,6,hp100,100,0,20-19,bfs,1,223,51,558,2.2434
30,6,hp100,100,0,20-19,dijkstra,1,167,51,551,3.9841
30,6,hp40,40,0,20-19,dfs,1,679,123,508,2.7672
30,6,hp40,40,0,20-19,bfs,1,291,51,558,1.9867
30,6,hp40,40,0,20-19,dijkstra,1,227,51,550,4.2011
30,6,hp100_surf,100,1,20-19,dfs,1,717,137,692,3.9301
30,6,hp100_surf,100,1,20-19,bfs,1,179,39,684,2.3588
30,6,hp100_surf,100,1,20-19,dijkstra,1,93,39,625,5.1664
30,6,hp100,100,0,1-26,dfs,1,255,53,67,0.6472
30,6,hp100,100,0,1-26,bfs,1,181,41,427,1.6467
30,6,hp100,100,0,1-26,dijkstra,1,151,49,494,3.9335
30,6,hp40,40,0,1-26,dfs,1,313,53,67,0.5787
30,6,hp40,40,0,1-26,bfs,1,229,41,427,1.8388
30,6,hp40,40,0,1-26,dijkstra,1,197,49,464,3.3105
30,6,hp100_surf,100,1,1-26,dfs,1,188,29,845,4.5919
30,6,hp100_surf,100,1,1-26,bfs,1,180,27,369,1.3001
30,6,hp100_surf,100,1,1-26,dijkstra,1,92,41,607,5.1841
30,7,hp100,100,0,1-0,dfs,1,1,1,2,0.0078
30,7,hp100,100,0,1-0,bfs,1,1,1,2,0.0084
30,7,hp100,100,0,1-0,dijkstra,1,1,1,2,0.005
30,7,hp40,40,0,1-0,dfs,1,1,1,2,0.0075
30,7,hp40,40,0,1-0,bfs,1,1,1,2,0.0082
30,7,hp40,40,0,1-0,dijkstra,1,1,1,2,0.0049
30,7,hp100_surf,100,1,1-0,dfs,1,1,1,877,4.0167
30,7,hp100_surf,100,1,1-0,bfs,1,1,1,3,0.0123
30,7,hp100_surf,100,1,1-0,dijkstra,1,1,1,2,0.0064
30,9,hp100,100,0,3-0,dfs,1,13,5,574,2.229
30,9,hp100,100,0,3-0,bfs,1,13,5,9,0.0575
30,9,hp100,100,0,3-0,dijkstra,1,13,5,9,0.097
30,9,hp40,40,0,3-0,dfs,1,21,5,574,2.3612
30,9,hp40,40,0,3-0,bfs,1,21,5,9,0.0591
30,9,hp40,40,0,3-0,dijkstra,1,21,5,9,0.0539
30,9,hp100_surf,100,1,3-0,dfs,1,2183,413,438,5.0408
30,9,hp100_surf,100,1,3-0,bfs,1,10,3,8,0.0391
30,9,hp100_surf,100,1,3-0,dijkstra,1,10,3,8,0.0467
30,9,hp100,100,0,4-26,dfs,1,292,66,84,0.743
30,9,hp100,100,0,4-26,bfs,1,218,46,256,1.0832
30,9,hp100,100,0,4-26,dijkstra,1,182,50,257,1.7975
30,9,hp40,40,0,4-26,dfs,1,366,66,84,0.8215
30,9,hp40,40,0,4-26,bfs,1,266,46,256,1.1045
30,9,hp40,40,0,4-26,dijkstra,1,234,50,268,1.817
30,9,hp100_surf,100,1,4-26,dfs,1,483,88,799,4.2711
30,9,hp100_surf,100,1,4-26,bfs,1,141,30,454,1.5639
30,9,hp100_surf,100,1,4-26,dijkstra,1,77,34,452,3.9046
30,9,hp100,100,0,13-3,dfs,1,394,88,208,1.2862
30,9,hp100,100,0,13-3,bfs,1,170,38,192,0.8315
30,9,hp100,100,0,13-3,dijkstra,1,138,44,203,1.4369
30,9,hp40,40,0,13-3,dfs,1,472,88,208,1.2983
30,9,hp40,40,0,13-3,bfs,1,202,38,192,0.8363
30,9,hp40,40,0,13-3,dijkstra,1,176,44,206,1.4109
30,9,hp100_surf,100,1,13-3,dfs,1,1892,362,525,5.0153
30,9,hp100_surf,100,1,13-3,bfs,1,64,16,146,0.524
30,9,hp100_surf,100,1,13-3,dijkstra,1,41,18,117,0.8747
30,10,hp100,100,0,22-0,dfs,1,614,156,410,2.7239
30,10,hp100,100,0,22-0,bfs,1,132,36,309,1.2553
30,10,hp100,100,0,22-0,dijkstra,1,108,40,273,1.9224
30,10,hp40,40,0,22-0,dfs,1,760,156,410,2.396
30,10,hp40,40,0,22-0,bfs,1,164,36,309,1.1788
30,10,hp40,40,0,22-0,dijkstra,1,136,40,264,1.7665
30,10,hp100_surf,100,1,22-0,dfs,1,2071,454,484,5.7234
30,10,hp100_surf,100,1,22-0,bfs,1,131,22,266,0.872
30,10,hp100_surf,100,1,22-0,dijkstra,1,76,30,445,3.8637
30,10,hp100,100,0,17-6,dfs,1,555,137,373,2.2309
30,10,hp100,100,0,17-6,bfs,1,83,25,130,0.5447
30,10,hp100,100,0,17-6,dijkstra,1,69,29,106,0.7813
30,10,hp40,40,0,17-6,dfs,1,685,137,373,2.2748
30,10,hp40,40,0,17-6,bfs,1,105,25,130,0.9551
30,10,hp40,40,0,17-6,dijkstra,1,89,29,107,0.6902
30,10,hp100_surf,100,1,17-6,dfs,1,1736,373,544,6.0633
30,10,hp100_surf,100,1,17-6,bfs,1,78,23,284,0.9353
30,10,hp100_surf,100,1,17-6,dijkstra,1,55,23,217,1.5568
30,10,hp100,100,0,22-12,dfs,1,492,114,330,1.9122
30,10,hp100,100,0,22-12,bfs,1,140,42,409,1.6198
30,10,hp100,100,0,22-12,dijkstra,1,126,46,358,2.4122
30,10,hp40,40,0,22-12,dfs,1,602,114,330,2.3563
30,10,hp40,40,0,22-12,bfs,1,174,42,409,1.486
30,10,hp40,40,0,22-12,dijkstra,1,158,46,350,3.1787
30,10,hp100_surf,100,1,22-12,dfs,1,1438,310,317,3.4705
30,10,hp100_surf,100,1,22-12,bfs,1,176,34,581,1.8822
30,10,hp100_surf,100,1,22-12,dijkstra,1,89,34,623,4.8212
30,11,hp100,100,0,15-10,dfs,1,631,145,442,2.7537
30,11,hp100,100,0,15-10,bfs,1,163,29,122,0.5456
30,11,hp100,100,0,15-10,dijkstra,1,121,35,93,0.6242
30,11,hp40,40,0,15-10,dfs,1,769,145,442,2.5367
30,11,hp40,40,0,15-10,bfs,1,197,29,122,0.5169
30,11,hp40,40,0,15-10,dijkstra,1,155,35,94,0.5889
30,11,hp100_surf,100,1,15-10,dfs,1,1245,267,628,5.0048
30,11,hp100_surf,100,1,15-10,bfs,1,76,25,327,1.0834
30,11,hp100_surf,100,1,15-10,dijkstra,1,51,25,201,1.4707
30,11,hp100,100,0,22-20,dfs,1,498,116,202,1.3228
30,11,hp100,100,0,22-20,bfs,1,242,50,506,1.7511
30,11,hp100,100,0,22-20,dijkstra,1,186,56,371,2.5792
30,11,hp40,40,0,22-20,dfs,1,616,116,202,1.4102
30,11,hp40,40,0,22-20,bfs,1,298,50,506,2.4407
30,11,hp40,40,0,22-20,dijkstra,1,244,56,419,2.9352
30,11,hp100_surf,100,1,22-20,dfs,1,737,172,174,1.6003
30,11,hp100_surf,100,1,22-20,bfs,1,178,42,740,2.3054
30,11,hp100_surf,100,1,22-20,dijkstra,1,95,42,711,5.4123
30,11,hp100,100,0,19-23,dfs,1,472,104,498,2.588
30,11,hp100,100,0,19-23,bfs,1,232,46,438,1.5514
30,11,hp100,100,0,19-23,dijkstra,1,176,52,300,1.947
30,11,hp40,40,0,19-23,dfs,1,576,104,498,2.588
30,11,hp40,40,0,19-23,bfs,1,282,46,438,1.6458
30,11,hp40,40,0,19-23,dijkstra,1,228,52,322,2.8098
30,11,hp100_surf,100,1,19-23,dfs,1,568,134,752,3.8293
30,11,hp100_surf,100,1,19-23,bfs,1,182,42,737,2.3063
30,11,hp100_surf,100,1,19-23,dijkstra,1,91,44,675,4.7334
30,12,hp100,100,0,18-2,dfs,1,560,132,431,2.2539
30,12,hp100,100,0,18-2,bfs,1,116,26,167,0.6311
30,12,hp100,100,0,18-2,dijkstra,1,76,26,138,0.8931
30,12,hp40,40,0,18-2,dfs,1,708,132,431,2.3253
30,12,hp40,40,0,18-2,bfs,1,130,26,167,0.6227
30,12,hp40,40,0,18-2,dijkstra,1,90,30,134,0.9207
30,12,hp100_surf,100,1,18-2,dfs,1,2086,418,503,4.9197
30,12,hp100_surf,100,1,18-2,bfs,1,119,20,223,0.7201
30,12,hp100_surf,100,1,18-2,dijkstra,1,51,22,190,1.3436
30,12,hp100,100,0,1-29,dfs,1,436,82,146,0.9416
30,12,hp100,100,0,1-29,bfs,1,368,60,548,1.9596
30,12,hp100,100,0,1-29,dijkstra,1,268,60,547,3.641
30,12,hp40,40,0,1-29,dfs,1,518,82,146,1.6733
30,12,hp40,40,0,1-29,bfs,1,428,60,548,2.3131
30,12,hp40,40,0,1-29,dijkstra,1,324,64,547,3.9271
30,12,hp100_surf,100,1,1-29,dfs,1,152,32,33,0.2895
30,12,hp100_surf,100,1,1-29,bfs,1,142,30,455,1.4044
30,12,hp100_surf,100,1,1-29,dijkstra,1,102,42,772,5.4431
30,12,hp100,100,0,11-28,dfs,1,505,93,179,1.1693
30,12,hp100,100,0,11-28,bfs,1,235,49,453,1.6484
30,12,hp100,100,0,11-28,dijkstra,1,181,49,447,2.9015
30,12,hp40,40,0,11-28,dfs,1,597,93,179,1.1438
30,12,hp40,40,0,11-28,bfs,1,281,49,453,1.6649
30,12,hp40,40,0,11-28,dijkstra,1,221,53,454,4.1529
30,12,hp100_surf,100,1,11-28,dfs,1,213,43,842,3.5614
30,12,hp100_surf,100,1,11-28,bfs,1,205,39,675,2.0802
30,12,hp100_surf,100,1,11-28,dijkstra,1,95,43,713,5.4796
30,13,hp100,100,0,4-9,dfs,1,69,15,21,0.1399
30,13,hp100,100,0,4-9,bfs,1,51,13,29,0.1477
30,13,hp100,100,0,4-9,dijkstra,1,47,13,26,0.1514
30,13,hp40,40,0,4-9,dfs,1,83,15,21,0.1378
30,13,hp40,40,0,4-9,bfs,1,61,13,29,0.1476
30,13,hp40,40,0,4-9,dijkstra,1,61,13,28,0.1621
30,13,hp100_surf,100,1,4-9,dfs,1,1605,325,332,4.0559
30,13,hp100_surf,100,1,4-9,bfs,1,51,13,93,0.3164
30,13,hp100_surf,100,1,4-9,dijkstra,1,38,13,71,0.4882
30,13,hp100,100,0,1-3,dfs,1,24,4,33,0.1226
30,13,hp100,100,0,1-3,bfs,1,24,4,8,0.0442
30,13,hp100,100,0,1-3,dijkstra,1,24,4,16,0.0958
30,13,hp40,40,0,1-3,dfs,1,28,4,33,0.1191
30,13,hp40,40,0,1-3,bfs,1,28,4,8,0.0423
30,13,hp40,40,0,1-3,dijkstra,1,28,4,14,0.0802
30,13,hp100_surf,100,1,1-3,dfs,1,24,4,874,3.5532
30,13,hp100_surf,100,1,1-3,bfs,1,24,4,12,0.0522
30,13,hp100_surf,100,1,1-3,dijkstra,1,24,4,27,0.1659
30,13,hp100,100,0,0-6,dfs,1,20,6,7,0.0513
30,13,hp100,100,0,0-6,bfs,1,20,6,12,0.0642
30,13,hp100,100,0,0-6,dijkstra,1,20,6,10,0.0578
30,13,hp40,40,0,0-6,dfs,1,26,6,7,0.0504
30,13,hp40,40,0,0-6,bfs,1,26,6,12,0.0642
30,13,hp40,40,0,0-6,dijkstra,1,26,6,10,0.0587
30,13,hp100_surf,100,1,0-6,dfs,1,20,6,7,0.0488
30,13,hp100_surf,100,1,0-6,bfs,1,20,6,22,0.0875
30,13,hp100_surf,100,1,0-6,dijkstra,1,20,6,16,0.1013
30,14,hp100,100,0,0-1,dfs,1,1,1,2,0.0096
30,14,hp100,100,0,0-1,bfs,1,1,1,2,0.0097
30,14,hp100,100,0,0-1,dijkstra,1,1,1,2,0.0068
30,14,hp40,40,0,0-1,dfs,1,1,1,2,0.0091
30,14,hp40,40,0,0-1,bfs,1,1,1,2,0.0096
30,14,hp40,40,0,0-1,dijkstra,1,1,1,2,0.0068
30,14,hp100_surf,100,1,0-1,dfs,1,1,1,2,0.0087
30,14,hp100_surf,100,1,0-1,bfs,1,1,1,2,0.0088
30,14,hp100_surf,100,1,0-1,dijkstra,1,1,1,2,0.0063
30,14,hp100,100,0,3-0,dfs,1,31,7,11,0.067
30,14,hp100,100,0,3-0,bfs,1,13,3,9,0.0397
30,14,hp100,100,0,3-0,dijkstra,1,13,3,13,0.0717
30,14,hp40,40,0,3-0,dfs,1,35,7,11,0.0691
30,14,hp40,40,0,3-0,bfs,1,15,3,9,0.0407
30,14,hp40,40,0,3-0,dijkstra,1,15,3,13,0.0781
30,14,hp100_surf,100,1,3-0,dfs,1,2167,411,431,4.7054
30,14,hp100_surf,100,1,3-0,bfs,1,13,3,10,0.0409
30,14,hp100_surf,100,1,3-0,dijkstra,1,13,3,18,0.1092
30,14,hp100,100,0,2-0,dfs,1,22,6,13,0.0677
30,14,hp100,100,0,2-0,bfs,1,4,2,6,0.0251
30,14,hp100,100,0,2-0,dijkstra,1,4,2,7,0.0388
30,14,hp40,40,0,2-0,dfs,1,26,6,13,0.0678
30,14,hp40,40,0,2-0,bfs,1,6,2,6,0.0256
30,14,hp40,40,0,2-0,dijkstra,1,6,2,7,0.0382
30,14,hp100_surf,100,1,2-0,dfs,1,2158,410,430,4.5026
30,14,hp100_surf,100,1,2-0,bfs,1,4,2,6,0.0465
30,14,hp100_surf,100,1,2-0,dijkstra,1,4,2,7,0.0736
30,15,hp100,100,0,0-1,dfs,1,1,1,2,0.0081
30,15,hp100,100,0,0-1,bfs,1,1,1,2,0.0079
30,15,hp100,100,0,0-1,dijkstra,1,1,1,2,0.0048
30,15,hp40,40,0,0-1,dfs,1,1,1,2,0.0073
30,15,hp40,40,0,0-1,bfs,1,1,1,2,0.0086
30,15,hp40,40,0,0-1,dijkstra,1,1,1,2,0.0053
30,15,hp100_surf,100,1,0-1,dfs,1,1,1,2,0.0094
30,15,hp100_surf,100,1,0-1,bfs,1,1,1,2,0.01
30,15,hp100_surf,100,1,0-1,dijkstra,1,1,1,2,0.0072
30,16,hp100,100,0,29-20,dfs,1,491,105,304,1.8579
30,16,hp100,100,0,29-20,bfs,1,225,49,487,1.7311
30,16,hp100,100,0,29-20,dijkstra,1,205,61,527,3.42
30,16,hp40,40,0,29-20,dfs,1,597,105,304,1.9063
30,16,hp40,40,0,29-20,bfs,1,281,49,487,1.7042
30,16,hp40,40,0,29-20,dijkstra,1,249,61,526,3.5929
30,16,hp100_surf,100,1,29-20,dfs,1,993,191,198,1.8442
30,16,hp100_surf,100,1,29-20,bfs,1,276,49,832,2.9491
30,16,hp100_surf,100,1,29-20,dijkstra,1,111,49,787,7.4675
30,16,hp100,100,0,0-9,dfs,1,49,13,14,0.1113
30,16,hp100,100,0,0-9,bfs,1,49,13,51,0.2155
30,16,hp100,100,0,0-9,dijkstra,1,41,17,42,0.2853
30,16,hp40,40,0,0-9,dfs,1,61,13,14,0.1228
30,16,hp40,40,0,0-9,bfs,1,61,13,51,0.2234
30,16,hp40,40,0,0-9,dijkstra,1,53,17,44,0.3034
30,16,hp100_surf,100,1,0-9,dfs,1,57,11,12,0.0927
30,16,hp100_surf,100,1,0-9,bfs,1,57,11,60,0.2281
30,16,hp100_surf,100,1,0-9,dijkstra,1,32,17,78,0.5573
30,16,hp100,100,0,4-14,dfs,1,166,42,64,0.4587
30,16,hp100,100,0,4-14,bfs,1,140,30,202,0.8163
30,16,hp100,100,0,4-14,dijkstra,1,104,30,214,2.389
30,16,hp40,40,0,4-14,dfs,1,206,42,64,0.8295
30,16,hp40,40,0,4-14,bfs,1,170,30,202,1.2906
30,16,hp40,40,0,4-14,dijkstra,1,130,30,209,2.4871
30,16,hp100_surf,100,1,4-14,dfs,1,1122,222,662,7.378
30,16,hp100_surf,100,1,4-14,bfs,1,98,18,164,1.0105
30,16,hp100_surf,100,1,4-14,dijkstra,1,54,22,229,2.6487
30,18,hp100,100,0,21-18,dfs,1,213,49,343,1.5032
30,18,hp100,100,0,21-18,bfs,1,189,41,287,1.1172
30,18,hp100,100,0,21-18,dijkstra,1,141,51,290,1.9703
30,18,hp40,40,0,21-18,dfs,1,265,49,343,1.8161
30,18,hp40,40,0,21-18,bfs,1,233,41,287,1.218
30,18,hp40,40,0,21-18,dijkstra,1,185,45,297,2.0909
30,18,hp100_surf,100,1,21-18,dfs,1,881,177,708,4.1099
30,18,hp100_surf,100,1,21-18,bfs,1,258,39,692,2.2015
30,18,hp100_surf,100,1,21-18,dijkstra,1,100,39,721,5.4044
30,18,hp100,100,0,24-0,dfs,1,412,96,320,1.7785
30,18,hp100,100,0,24-0,bfs,1,126,34,224,0.8612
30,18,hp100,100,0,24-0,dijkstra,1,118,34,223,1.4592
30,18,hp40,40,0,24-0,dfs,1,508,96,320,1.8237
30,18,hp40,40,0,24-0,bfs,1,150,34,224,0.8647
30,18,hp40,40,0,24-0,dijkstra,1,146,34,218,1.5391
30,18,hp100_surf,100,1,24-0,dfs,1,2296,448,473,5.5202
30,18,hp100_surf,100,1,24-0,bfs,1,138,24,319,1.0721
30,18,hp100_surf,100,1,24-0,dijkstra,1,80,38,456,3.3126
30,18,hp100,100,0,19-6,dfs,1,493,107,296,1.7015
30,18,hp100,100,0,19-6,bfs,1,101,27,149,0.6765
30,18,hp100,100,0,19-6,dijkstra,1,97,27,168,1.1138
30,18,hp40,40,0,19-6,dfs,1,603,107,296,1.7467
30,18,hp40,40,0,19-6,bfs,1,127,27,149,0.6866
30,18,hp40,40,0,19-6,dijkstra,1,119,27,157,1.0422
30,18,hp100_surf,100,1,19-6,dfs,1,1878,369,393,4.5961
30,18,hp100_surf,100,1,19-6,bfs,1,95,25,339,1.1087
30,18,hp100_surf,100,1,19-6,dijkstra,1,68,29,326,2.4161
30,19,hp100,100,0,29-15,dfs,1,250,62,387,1.689
30,19,hp100,100,0,29-15,bfs,1,194,50,302,1.2551
30,19,hp100,100,0,29-15,dijkstra,1,164,54,285,2.0433
30,19,hp40,40,0,29-15,dfs,1,306,62,387,1.6577
30,19,hp40,40,0,29-15,bfs,1,234,50,302,1.276
30,19,hp40,40,0,29-15,dijkstra,1,204,52,285,1.9213
30,19,hp100_surf,100,1,29-15,dfs,1,1264,240,242,2.63
30,19,hp100_surf,100,1,29-15,bfs,1,191,44,778,2.582
30,19,hp100_surf,100,1,29-15,dijkstra,1,93,44,666,5.1298
30,19,hp100,100,0,1-20,dfs,1,353,93,200,1.367
30,19,hp100,100,0,1-20,bfs,1,365,87,493,2.0815
30,19,hp100,100,0,1-20,dijkstra,1,299,99,487,3.4393
30,19,hp40,40,0,1-20,dfs,1,429,93,200,1.4069
30,19,hp40,40,0,1-20,bfs,1,431,87,493,2.4805
30,19,hp40,40,0,1-20,dijkstra,1,373,97,489,3.4631
30,19,hp100_surf,100,1,1-20,dfs,1,131,23,862,3.81
30,19,hp100_surf,100,1,1-20,bfs,1,101,21,226,0.7771
30,19,hp100_surf,100,1,1-20,dijkstra,1,66,25,320,2.3445
30,19,hp100,100,0,5-3,dfs,1,60,16,509,1.8557
30,19,hp100,100,0,5-3,bfs,1,32,8,26,0.1425
30,19,hp100,100,0,5-3,dijkstra,1,30,8,27,0.2006
30,19,hp40,40,0,5-3,dfs,1,80,16,509,1.8707
30,19,hp40,40,0,5-3,bfs,1,40,8,26,0.1294
30,19,hp40,40,0,5-3,dijkstra,1,36,8,26,0.1759
30,19,hp100_surf,100,1,5-3,dfs,1,2066,398,404,4.8327
30,19,hp100_surf,100,1,5-3,bfs,1,31,8,42,0.1626
30,19,hp100_surf,100,1,5-3,dijkstra,1,29,10,61,0.4358
30,20,hp100,100,0,1-14,dfs,1,111,21,28,0.2189
30,20,hp100,100,0,1-14,bfs,1,111,21,103,0.4331
30,20,hp100,100,0,1-14,dijkstra,1,81,21,139,0.9832
30,20,hp40,40,0,1-14,dfs,1,141,21,28,0.2259
30,20,hp40,40,0,1-14,bfs,1,141,21,103,0.4543
30,20,hp40,40,0,1-14,dijkstra,1,105,21,133,0.8819
30,20,hp100_surf,100,1,1-14,dfs,1,74,15,862,3.8101
30,20,hp100_surf,100,1,1-14,bfs,1,74,15,116,0.393
30,20,hp100_surf,100,1,1-14,dijkstra,1,60,17,245,1.8088
30,20,hp100,100,0,27-24,dfs,1,653,139,211,1.7436
30,20,hp100,100,0,27-24,bfs,1,269,51,470,1.7553
30,20,hp100,100,0,27-24,dijkstra,1,171,61,469,3.4071
30,20,hp40,40,0,27-24,dfs,1,803,139,211,1.712
30,20,hp40,40,0,27-24,bfs,1,331,51,470,1.8407
30,20,hp40,40,0,27-24,dijkstra,1,227,51,472,3.2852
30,20,hp100_surf,100,1,27-24,dfs,1,717,121,770,4.1539
30,20,hp100_surf,100,1,27-24,bfs,1,278,51,845,2.837
30,20,hp100_surf,100,1,27-24,dijkstra,1,115,51,820,6.1949
30,20,hp100,100,0,11-2,dfs,1,615,137,366,2.388
30,20,hp100,100,0,11-2,bfs,1,107,21,115,0.5505
30,20,hp100,100,0,11-2,dijkstra,1,69,23,85,0.7611
30,20,hp40,40,0,11-2,dfs,1,757,137,366,2.4738
30,20,hp40,40,0,11-2,bfs,1,125,21,115,0.5557
30,20,hp40,40,0,11-2,dijkstra,1,91,23,86,0.5912
30,20,hp100_surf,100,1,11-2,dfs,1,1874,365,374,4.4709
30,20,hp100_surf,100,1,11-2,bfs,1,39,13,99,0.3464
30,20,hp100_surf,100,1,11-2,dijkstra,1,31,13,59,0.4082
30,22,hp100,100,0,1-1,dfs,1,2,2,12,0.0473
30,22,hp100,100,0,1-1,bfs,1,2,2,5,0.0252
30,22,hp100,100,0,1-1,dijkstra,1,2,2,3,0.0153
30,22,hp40,40,0,1-1,dfs,1,2,2,12,0.0564
30,22,hp40,40,0,1-1,bfs,1,2,2,5,0.0281
30,22,hp40,40,0,1-1,dijkstra,1,2,2,3,0.0148
30,22,hp100_surf,100,1,1-1,dfs,1,2,2,875,3.5508
30,22,hp100_surf,100,1,1-1,bfs,1,2,2,5,0.0325
30,22,hp100_surf,100,1,1-1,dijkstra,1,2,2,3,0.0234
30,22,hp100,100,0,2-4,dfs,1,30,6,7,0.1899
30,22,hp100,100,0,2-4,bfs,1,30,6,13,0.0822
30,22,hp100,100,0,2-4,dijkstra,1,10,6,10,0.0629
30,22,hp40,40,0,2-4,dfs,1,34,6,7,0.0541
30,22,hp40,40,0,2-4,bfs,1,34,6,13,0.073
30,22,hp40,40,0,2-4,dijkstra,1,14,6,11,0.0665
30,22,hp100_surf,100,1,2-4,dfs,1,1670,338,507,4.9553
30,22,hp100_surf,100,1,2-4,bfs,1,30,6,21,0.1202
30,22,hp100_surf,100,1,2-4,dijkstra,1,10,6,12,0.0816
30,22,hp100,100,0,1-3,dfs,1,26,4,5,0.0647
30,22,hp100,100,0,1-3,bfs,1,26,4,9,0.0772
30,22,hp100,100,0,1-3,dijkstra,1,16,4,13,0.1271
30,22,hp40,40,0,1-3,dfs,1,28,4,5,0.0588
30,22,hp40,40,0,1-3,bfs,1,28,4,9,0.0827
30,22,hp40,40,0,1-3,dijkstra,1,16,4,13,0.1269
30,22,hp100_surf,100,1,1-3,dfs,1,26,4,873,4.6484
30,22,hp100_surf,100,1,1-3,bfs,1,26,4,10,0.047
30,22,hp100_surf,100,1,1-3,dijkstra,1,16,4,21,0.1318
30,24,hp100,100,0,8-5,dfs,1,207,43,54,0.4385
30,24,hp100,100,0,8-5,bfs,1,73,17,67,0.3772
30,24,hp100,100,0,8-5,dijkstra,1,59,17,69,0.7344
30,24,hp40,40,0,8-5,dfs,1,251,43,54,0.5892
30,24,hp40,40,0,8-5,bfs,1,89,17,67,0.3031
30,24,hp40,40,0,8-5,dijkstra,1,77,17,70,0.448
30,24,hp100_surf,100,1,8-5,dfs,1,2058,375,539,5.6789
30,24,hp100_surf,100,1,8-5,bfs,1,75,13,98,0.6179
30,24,hp100_surf,100,1,8-5,dijkstra,1,39,13,105,1.0746
30,24,hp100,100,0,10-1,dfs,1,87,21,105,0.4757
30,24,hp100,100,0,10-1,bfs,1,53,17,69,0.3338
30,24,hp100,100,0,10-1,dijkstra,1,39,17,44,0.3083
30,24,hp40,40,0,10-1,dfs,1,101,21,105,0.4875
30,24,hp40,40,0,10-1,bfs,1,65,17,69,0.3123
30,24,hp40,40,0,10-1,dijkstra,1,53,17,44,0.2823
30,24,hp100_surf,100,1,10-1,dfs,1,2356,435,437,5.6414
30,24,hp100_surf,100,1,10-1,bfs,1,36,11,76,0.3046
30,24,hp100_surf,100,1,10-1,dijkstra,1,28,13,67,0.4599
30,24,hp100,100,0,6-9,dfs,1,185,37,47,0.3832
30,24,hp100,100,0,6-9,bfs,1,87,15,50,0.2452
30,24,hp100,100,0,6-9,dijkstra,1,57,15,63,0.415
30,24,hp40,40,0,6-9,dfs,1,225,37,47,0.3735
30,24,hp40,40,0,6-9,bfs,1,103,15,50,0.2401
30,24,hp40,40,0,6-9,dijkstra,1,75,15,67,0.4567
30,24,hp100_surf,100,1,6-9,dfs,1,1759,327,329,3.4653
30,24,hp100_surf,100,1,6-9,bfs,1,97,15,123,0.4283
30,24,hp100_surf,100,1,6-9,dijkstra,1,46,15,132,0.9206
30,25,hp100,100,0,0-1,dfs,1,3,1,2,0.0087
30,25,hp100,100,0,0-1,bfs,1,3,1,2,0.009
30,25,hp100,100,0,0-1,dijkstra,1,3,1,2,0.0057
30,25,hp40,40,0,0-1,dfs,1,5,1,2,0.008
30,25,hp40,40,0,0-1,bfs,1,5,1,2,0.0087
30,25,hp40,40,0,0-1,dijkstra,1,5,1,2,0.0056
30,25,hp100_surf,100,1,0-1,dfs,1,3,1,2,0.009
30,25,hp100_surf,100,1,0-1,bfs,1,3,1,2,0.0094
30,25,hp100_surf,100,1,0-1,dijkstra,1,3,1,2,0.0066
30,26,hp100,100,0,8-22,dfs,1,336,66,101,0.8009
30,26,hp100,100,0,8-22,bfs,1,194,30,251,0.975
30,26,hp100,100,0,8-22,dijkstra,1,122,42,286,1.994
30,26,hp40,40,0,8-22,dfs,1,398,66,101,0.7379
30,26,hp40,40,0,8-22,bfs,1,222,30,251,0.9615
30,26,hp40,40,0,8-22,dijkstra,1,154,38,279,1.919
30,26,hp100_surf,100,1,8-22,dfs,1,755,140,142,1.3598
30,26,hp100_surf,100,1,8-22,bfs,1,104,30,469,1.4899
30,26,hp100_surf,100,1,8-22,dijkstra,1,70,30,389,3.4267
30,26,hp100,100,0,17-7,dfs,1,658,132,465,2.5821
30,26,hp100,100,0,17-7,bfs,1,112,26,199,0.7806
30,26,hp100,100,0,17-7,dijkstra,1,90,26,172,1.1765
30,26,hp40,40,0,17-7,dfs,1,784,132,465,2.7636
30,26,hp40,40,0,17-7,bfs,1,142,26,199,0.7879
30,26,hp40,40,0,17-7,dijkstra,1,118,26,188,1.2761
30,26,hp100_surf,100,1,17-7,dfs,1,1742,344,349,3.9811
30,26,hp100_surf,100,1,17-7,bfs,1,117,24,315,1.1243
30,26,hp100_surf,100,1,17-7,dijkstra,1,58,26,243,1.751
30,26,hp100,100,0,11-2,dfs,1,711,149,387,2.3472
30,26,hp100,100,0,11-2,bfs,1,65,15,78,0.3179
30,26,hp100,100,0,11-2,dijkstra,1,55,15,55,0.5218
30,26,hp40,40,0,11-2,dfs,1,849,149,387,2.3096
30,26,hp40,40,0,11-2,bfs,1,79,15,78,0.3043
30,26,hp40,40,0,11-2,dijkstra,1,67,15,55,0.3366
30,26,hp100_surf,100,1,11-2,dfs,1,1995,399,404,4.7008
30,26,hp100_surf,100,1,11-2,bfs,1,42,13,103,0.3806
30,26,hp100_surf,100,1,11-2,dijkstra,1,37,13,90,0.6227
30,28,hp100,100,0,9-27,dfs,1,144,50,99,1.0947
30,28,hp100,100,0,9-27,bfs,1,142,44,308,1.1324
30,28,hp100,100,0,9-27,dijkstra,1,128,46,279,1.8034
30,28,hp40,40,0,9-27,dfs,1,182,50,99,0.5957
30,28,hp40,40,0,9-27,bfs,1,176,44,308,1.1294
30,28,hp40,40,0,9-27,dijkstra,1,154,46,284,1.8291
30,28,hp100_surf,100,1,9-27,dfs,1,409,86,798,3.8486
30,28,hp100_surf,100,1,9-27,bfs,1,139,36,619,1.9807
30,28,hp100_surf,100,1,9-27,dijkstra,1,81,44,587,5.4289
30,28,hp100,100,0,11-27,dfs,1,146,52,103,0.6161
30,28,hp100,100,0,11-27,bfs,1,144,46,335,1.2234
30,28,hp100,100,0,11-27,dijkstra,1,126,48,274,1.8524
30,28,hp40,40,0,11-27,dfs,1,184,52,103,0.6274
30,28,hp40,40,0,11-27,bfs,1,178,46,335,1.2748
30,28,hp40,40,0,11-27,dijkstra,1,148,48,272,1.7301
30,28,hp100_surf,100,1,11-27,dfs,1,390,84,802,3.6118
30,28,hp100_surf,100,1,11-27,bfs,1,141,38,664,2.3082
30,28,hp100_surf,100,1,11-27,dijkstra,1,83,46,623,4.7241
30,28,hp100,100,0,9-10,dfs,1,717,175,331,2.3167
30,28,hp100,100,0,9-10,bfs,1,73,19,70,0.3388
30,28,hp100,100,0,9-10,dijkstra,1,61,21,74,0.6393
30,28,hp40,40,0,9-10,dfs,1,887,175,331,2.6291
30,28,hp40,40,0,9-10,bfs,1,83,19,70,0.3485
30,28,hp40,40,0,9-10,dijkstra,1,69,21,73,0.4618
30,28,hp100_surf,100,1,9-10,dfs,1,1486,279,287,3.114
30,28,hp100_surf,100,1,9-10,bfs,1,69,19,194,0.6222
30,28,hp100_surf,100,1,9-10,dijkstra,1,34,19,115,0.7682
30,29,hp100,100,0,1-0,dfs,1,1,1,3,0.0112
30,29,hp100,100,0,1-0,bfs,1,1,1,3,0.0109
30,29,hp100,100,0,1-0,dijkstra,1,1,1,3,0.0098
30,29,hp40,40,0,1-0,dfs,1,1,1,3,0.0104
30,29,hp40,40,0,1-0,bfs,1,1,1,3,0.0106
30,29,hp40,40,0,1-0,dijkstra,1,1,1,3,0.0088
30,29,hp100_surf,100,1,1-0,dfs,1,1,1,883,3.8981
30,29,hp100_surf,100,1,1-0,bfs,1,1,1,3,0.0113
30,29,hp100_surf,100,1,1-0,dijkstra,1,1,1,3,0.0109
30,29,hp100,100,0,0-1,dfs,1,1,1,2,0.0081
30,29,hp100,100,0,0-1,bfs,1,1,1,2,0.0086
30,29,hp100,100,0,0-1,dijkstra,1,1,1,2,0.0058
30,29,hp40,40,0,0-1,dfs,1,1,1,2,0.0083
30,29,hp40,40,0,0-1,bfs,1,1,1,2,0.0084
30,29,hp40,40,0,0-1,dijkstra,1,1,1,2,0.0058
30,29,hp100_surf,100,1,0-1,dfs,1,1,1,2,0.0079
30,29,hp100_surf,100,1,0-1,bfs,1,1,1,2,0.0083
30,29,hp100_surf,100,1,0-1,dijkstra,1,1,1,2,0.0055
