tamanho,seed,motivo
8,5,origem sem componente alcancavel sem surf
8,7,origem sem componente alcancavel sem surf
8,8,origem sem componente alcancavel sem surf
8,9,origem sem componente alcancavel sem surf
15,0,origem sem componente alcancavel sem surf
15,5,origem sem componente alcancavel sem surf
15,6,origem sem componente alcancavel sem surf
15,8,origem sem componente alcancavel sem surf
15,9,origem sem componente alcancavel sem surf
15,11,origem sem componente alcancavel sem surf
15,16,origem sem componente alcancavel sem surf
15,18,origem sem componente alcancavel sem surf
15,23,origem sem componente alcancavel sem surf
30,0,origem sem componente alcancavel sem surf
30,2,origem sem componente alcancavel sem surf
30,5,origem sem componente alcancavel sem surf
30,8,origem sem componente alcancavel sem surf
30,17,origem sem componente alcancavel sem surf
30,21,origem sem componente alcancavel sem surf
30,23,origem sem componente alcancavel sem surf
30,27,origem sem componente alcancavel sem surf
